<metadata><idinfo><citation><citeinfo><origin>Utah Automated Geographic Reference Center (AGRC)</origin><pubdate>20170223</pubdate><title>SGID10.BOUNDARIES.Counties</title><onlink>https://gis.utah.gov/data/boundaries</onlink></citeinfo></citation><descript><abstract>This dataset reflects the most current version of Utah county boundaries plus modifications made to correct known issues along the Davis-Weber and Duchesne-Uintah county boundaries. (20111108) and boundary agreement (certified 20120612) between Juab and Millard Counties. And an adjustment between Morgan and Summit Counties (4/3/2013). Minor adjustments were made to align with the Newest PLSS-GCDB layers from BLM (CadNSDIv2), any where from 10 to 50 feet all in non-populated areas (7/18/2014).Data is current through Dec 31, 2018; Pop Est are from July 1, 2018</abstract><purpose>This data set represents county boundaries.</purpose></descript><timeperd><timeinfo><sngdate><caldate>20090818</caldate></sngdate></timeinfo></timeperd><status><progress>Complete</progress><update>As needed</update></status><spdom><bounding><westbc>-114.276447</westbc><eastbc>-108.899223</eastbc><northbc>42.034241</northbc><southbc>36.959686</southbc></bounding></spdom><keywords><theme><themekt>ISO 19115 Topic Categories</themekt><themekey>Boundaries</themekey><themekey>boundaries</themekey></theme><place><placekey>Utah</placekey></place></keywords><accconst>None</accconst><useconst>None</useconst><ptcontac><cntinfo><cntorgp><cntorg>Utah AGRC</cntorg></cntorgp><cntaddr><addrtype>mailing and physical address</addrtype><address>Utah Automated Geographic Reference 1 State Office Building, Room 5130</address><city>Salt Lake City</city><state>UT</state><postal>84114</postal></cntaddr><cntvoice>801-538-3665</cntvoice></cntinfo></ptcontac></idinfo><distinfo><distrib><cntinfo><cntorgp><cntorg>Utah AGRC</cntorg></cntorgp><cntaddr><addrtype>mailing and physical address</addrtype><address>Utah Automated Geographic Reference 1 State Office Building, Room 5130</address><city>Salt Lake City</city><state>UT</state><postal>84114</postal></cntaddr><cntvoice>801-538-3665</cntvoice></cntinfo></distrib><stdorder><digform><digtinfo><formname>Downloadable File Geodatabase</formname></digtinfo><digtopt><onlinopt><computer><networka><networkr>https://drive.google.com/a/utah.gov/uc?id=0ByStJjVZ7c7mbnFpYUl1bDZtaDQ&amp;export=download</networkr></networka></computer></onlinopt></digtopt></digform><digform><digtinfo><formname>Downloadable Shapefile</formname></digtinfo><digtopt><onlinopt><computer><networka><networkr>https://drive.google.com/a/utah.gov/uc?id=0ByStJjVZ7c7mc3BGRXhKa0N0U2c&amp;export=download</networkr></networka></computer></onlinopt></digtopt></digform></stdorder></distinfo><metainfo><metc><cntinfo><cntorgp><cntorg>Utah AGRC</cntorg></cntorgp><cntaddr><addrtype>mailing and physical address</addrtype><address>Utah Automated Geographic Reference 1 State Office Building, Room 5130</address><city>Salt Lake City</city><state>UT</state><postal>84114</postal></cntaddr><cntvoice>801-538-3665</cntvoice></cntinfo></metc><metstdn>FGDCContentStandardforDigitalGeospatialMetadata</metstdn><metstdv>FGDC-STD-001-1998</metstdv></metainfo><dataIdInfo><envirDesc Sync="TRUE">Microsoft Windows Server 2016 Technical Preview Version 10.0 (Build 14393) ; Esri ArcGIS 12.5.1.22081</envirDesc><dataLang><languageCode value="eng" Sync="TRUE"/><countryCode value="USA" Sync="TRUE"/></dataLang><idCitation><resTitle Sync="TRUE">Counties</resTitle><presForm><PresFormCd value="005" Sync="TRUE"/></presForm></idCitation><spatRpType><SpatRepTypCd value="001" Sync="TRUE"/></spatRpType><dataExt><geoEle xmlns=""><GeoBndBox esriExtentType="search"><exTypeCode Sync="TRUE">1</exTypeCode><westBL Sync="TRUE">-114.276444</westBL><eastBL Sync="TRUE">-108.899225</eastBL><northBL Sync="TRUE">42.034185</northBL><southBL Sync="TRUE">36.959686</southBL></GeoBndBox></geoEle></dataExt><idPurp>This data set represents county boundaries.</idPurp><idAbs>&lt;DIV STYLE="text-align:Left;"&gt;&lt;DIV&gt;&lt;DIV&gt;&lt;P&gt;&lt;SPAN&gt;This dataset reflects the most current version of Utah county boundaries plus modifications made to correct known issues along the Davis-Weber and Duchesne-Uintah county boundaries. (20111108) and boundary agreement (certified 20120612) between Juab and Millard Counties. And an adjustment between Morgan and Summit Counties (4/3/2013). Minor adjustments were made to align with the Newest PLSS-GCDB layers from BLM (CadNSDIv2), any where from 10 to 50 feet all in non-populated areas (7/18/2014). Minor adjustment between Davis and Weber County (20201105)&lt;/SPAN&gt;&lt;/P&gt;&lt;P&gt;&lt;SPAN&gt;Data is current through Nov. 5, 2020; Population Estimates are from July 1, 2019&lt;/SPAN&gt;&lt;/P&gt;&lt;/DIV&gt;&lt;/DIV&gt;&lt;/DIV&gt;</idAbs><searchKeys><keyword>Boundaries</keyword><keyword>county boundaries</keyword><keyword>counties</keyword></searchKeys><resConst><Consts><useLimit>&lt;DIV STYLE="text-align:Left;"&gt;&lt;DIV&gt;&lt;DIV&gt;&lt;P&gt;&lt;SPAN&gt;None&lt;/SPAN&gt;&lt;/P&gt;&lt;/DIV&gt;&lt;/DIV&gt;&lt;/DIV&gt;</useLimit></Consts></resConst></dataIdInfo><mdLang><languageCode value="eng" Sync="TRUE"/><countryCode value="USA" Sync="TRUE"/></mdLang><Esri><DataProperties><itemProps><itemName Sync="TRUE">Counties</itemName><imsContentType Sync="TRUE">002</imsContentType><nativeExtBox><westBL Sync="TRUE">228583.430000</westBL><eastBL Sync="TRUE">673944.590000</eastBL><southBL Sync="TRUE">4094743.900000</southBL><northBL Sync="TRUE">4653571.810000</northBL><exTypeCode Sync="TRUE">1</exTypeCode></nativeExtBox><itemLocation><linkage Sync="TRUE">file://\\GRGISTESTAPP5\C$\backseat-driver\package_temp\Counties\Counties.shp</linkage><protocol Sync="TRUE">Local Area Network</protocol></itemLocation><itemSize Sync="TRUE">0.000</itemSize></itemProps><coordRef><type Sync="TRUE">Projected</type><geogcsn Sync="TRUE">GCS_North_American_1983</geogcsn><csUnits Sync="TRUE">Linear Unit: Meter (1.000000)</csUnits><projcsn Sync="TRUE">NAD_1983_UTM_Zone_12N</projcsn><peXml Sync="TRUE">&lt;ProjectedCoordinateSystem xsi:type='typens:ProjectedCoordinateSystem' xmlns:xsi='http://www.w3.org/2001/XMLSchema-instance' xmlns:xs='http://www.w3.org/2001/XMLSchema' xmlns:typens='http://www.esri.com/schemas/ArcGIS/2.5.0'&gt;&lt;WKT&gt;PROJCS[&amp;quot;NAD_1983_UTM_Zone_12N&amp;quot;,GEOGCS[&amp;quot;GCS_North_American_1983&amp;quot;,DATUM[&amp;quot;D_North_American_1983&amp;quot;,SPHEROID[&amp;quot;GRS_1980&amp;quot;,6378137.0,298.257222101]],PRIMEM[&amp;quot;Greenwich&amp;quot;,0.0],UNIT[&amp;quot;Degree&amp;quot;,0.0174532925199433]],PROJECTION[&amp;quot;Transverse_Mercator&amp;quot;],PARAMETER[&amp;quot;False_Easting&amp;quot;,500000.0],PARAMETER[&amp;quot;False_Northing&amp;quot;,0.0],PARAMETER[&amp;quot;Central_Meridian&amp;quot;,-111.0],PARAMETER[&amp;quot;Scale_Factor&amp;quot;,0.9996],PARAMETER[&amp;quot;Latitude_Of_Origin&amp;quot;,0.0],UNIT[&amp;quot;Meter&amp;quot;,1.0],AUTHORITY[&amp;quot;EPSG&amp;quot;,26912]]&lt;/WKT&gt;&lt;XOrigin&gt;-5120900&lt;/XOrigin&gt;&lt;YOrigin&gt;-9998100&lt;/YOrigin&gt;&lt;XYScale&gt;450445547.3910538&lt;/XYScale&gt;&lt;ZOrigin&gt;-100000&lt;/ZOrigin&gt;&lt;ZScale&gt;10000&lt;/ZScale&gt;&lt;MOrigin&gt;-100000&lt;/MOrigin&gt;&lt;MScale&gt;10000&lt;/MScale&gt;&lt;XYTolerance&gt;0.001&lt;/XYTolerance&gt;&lt;ZTolerance&gt;0.001&lt;/ZTolerance&gt;&lt;MTolerance&gt;0.001&lt;/MTolerance&gt;&lt;HighPrecision&gt;true&lt;/HighPrecision&gt;&lt;WKID&gt;26912&lt;/WKID&gt;&lt;LatestWKID&gt;26912&lt;/LatestWKID&gt;&lt;/ProjectedCoordinateSystem&gt;</peXml></coordRef><lineage><Process ToolSource="c:\program files (x86)\arcgis\desktop10.5\ArcToolbox\Toolboxes\Conversion Tools.tbx\FeatureClassToFeatureClass" Date="20191023" Time="111850" Name="" export="">FeatureClassToFeatureClass "Database Connections/DC_agrc@SGID10@sgid.agrc.utah.gov.sde/SGID10.BOUNDARIES.Counties" C:\Users\gbunce\Documents\scratch_space\sgid_migration\SGID10.gdb\BOUNDARIES Counties # "COUNTYNBR "COUNTYNBR" true true false 2 Text 0 0 ,First,#,Database Connections/DC_agrc@SGID10@sgid.agrc.utah.gov.sde/SGID10.BOUNDARIES.Counties,COUNTYNBR,-1,-1;ENTITYNBR "ENTITYNBR" true true false 8 Double 8 38 ,First,#,Database Connections/DC_agrc@SGID10@sgid.agrc.utah.gov.sde/SGID10.BOUNDARIES.Counties,ENTITYNBR,-1,-1;ENTITYYR "ENTITYYR" true true false 8 Double 8 38 ,First,#,Database Connections/DC_agrc@SGID10@sgid.agrc.utah.gov.sde/SGID10.BOUNDARIES.Counties,ENTITYYR,-1,-1;NAME "NAME" true true false 100 Text 0 0 ,First,#,Database Connections/DC_agrc@SGID10@sgid.agrc.utah.gov.sde/SGID10.BOUNDARIES.Counties,NAME,-1,-1;FIPS "FIPS" true true false 8 Double 8 38 ,First,#,Database Connections/DC_agrc@SGID10@sgid.agrc.utah.gov.sde/SGID10.BOUNDARIES.Counties,FIPS,-1,-1;STATEPLANE "STATEPLANE" true true false 20 Text 0 0 ,First,#,Database Connections/DC_agrc@SGID10@sgid.agrc.utah.gov.sde/SGID10.BOUNDARIES.Counties,STATEPLANE,-1,-1;POP_LASTCENSUS "POP_LASTCENSUS" true true false 4 Long 0 10 ,First,#,Database Connections/DC_agrc@SGID10@sgid.agrc.utah.gov.sde/SGID10.BOUNDARIES.Counties,POP_LASTCENSUS,-1,-1;POP_CURRESTIMATE "POP_CURRESTIMATE" true true false 4 Long 0 10 ,First,#,Database Connections/DC_agrc@SGID10@sgid.agrc.utah.gov.sde/SGID10.BOUNDARIES.Counties,POP_CURRESTIMATE,-1,-1;GlobalID "GlobalID" false false false 38 GlobalID 0 0 ,First,#,Database Connections/DC_agrc@SGID10@sgid.agrc.utah.gov.sde/SGID10.BOUNDARIES.Counties,GlobalID,-1,-1;FIPS_STR "FIPS_STR" true true false 5 Text 0 0 ,First,#,Database Connections/DC_agrc@SGID10@sgid.agrc.utah.gov.sde/SGID10.BOUNDARIES.Counties,FIPS_STR,-1,-1;COLOR4 "COLOR4" true true false 2 Short 0 5 ,First,#,Database Connections/DC_agrc@SGID10@sgid.agrc.utah.gov.sde/SGID10.BOUNDARIES.Counties,COLOR4,-1,-1;Shape_area "Shape_area" false false true 0 Double 0 0 ,First,#,Database Connections/DC_agrc@SGID10@sgid.agrc.utah.gov.sde/SGID10.BOUNDARIES.Counties,Shape.area,-1,-1;Shape_len "Shape_len" false false true 0 Double 0 0 ,First,#,Database Connections/DC_agrc@SGID10@sgid.agrc.utah.gov.sde/SGID10.BOUNDARIES.Counties,Shape.len,-1,-1" #</Process><Process ToolSource="c:\program files (x86)\arcgis\desktop10.7\ArcToolbox\Toolboxes\Data Management Tools.tbx\ChangePrivileges" Date="20191031" Time="150914" Name="" export="">ChangePrivileges C:\TEMP\SGID10_gdb\SGID_Boundaries@SGID10@sgid.agrc.utah.gov.sde\SGID.BOUNDARIES.UtahInlandPortAuthority_HB2001;C:\TEMP\SGID10_gdb\SGID_Boundaries@SGID10@sgid.agrc.utah.gov.sde\SGID.BOUNDARIES.Wilderness_BLM98Reinventory;C:\TEMP\SGID10_gdb\SGID_Boundaries@SGID10@sgid.agrc.utah.gov.sde\SGID.BOUNDARIES.UtahConservationDistricts;C:\TEMP\SGID10_gdb\SGID_Boundaries@SGID10@sgid.agrc.utah.gov.sde\SGID.BOUNDARIES.Wilderness_BLMSuitability;C:\TEMP\SGID10_gdb\SGID_Boundaries@SGID10@sgid.agrc.utah.gov.sde\SGID.BOUNDARIES.USFSRoadlessInventory;C:\TEMP\SGID10_gdb\SGID_Boundaries@SGID10@sgid.agrc.utah.gov.sde\SGID.BOUNDARIES.UtahConservationZones;C:\TEMP\SGID10_gdb\SGID_Boundaries@SGID10@sgid.agrc.utah.gov.sde\SGID.BOUNDARIES.Wilderness_BLMWSAs;C:\TEMP\SGID10_gdb\SGID_Boundaries@SGID10@sgid.agrc.utah.gov.sde\SGID.BOUNDARIES.USFSWildernessAreas;C:\TEMP\SGID10_gdb\SGID_Boundaries@SGID10@sgid.agrc.utah.gov.sde\SGID.BOUNDARIES.Municipalities_Modifications;C:\TEMP\SGID10_gdb\SGID_Boundaries@SGID10@sgid.agrc.utah.gov.sde\SGID.BOUNDARIES.NavajoChapters;C:\TEMP\SGID10_gdb\SGID_Boundaries@SGID10@sgid.agrc.utah.gov.sde\SGID.BOUNDARIES.SchoolDistricts;C:\TEMP\SGID10_gdb\SGID_Boundaries@SGID10@sgid.agrc.utah.gov.sde\SGID.BOUNDARIES.Municipalities_Carto;C:\TEMP\SGID10_gdb\SGID_Boundaries@SGID10@sgid.agrc.utah.gov.sde\SGID.BOUNDARIES.USStates;C:\TEMP\SGID10_gdb\SGID_Boundaries@SGID10@sgid.agrc.utah.gov.sde\SGID.BOUNDARIES.ZipCodes;C:\TEMP\SGID10_gdb\SGID_Boundaries@SGID10@sgid.agrc.utah.gov.sde\SGID.BOUNDARIES.Municipalities;C:\TEMP\SGID10_gdb\SGID_Boundaries@SGID10@sgid.agrc.utah.gov.sde\SGID.BOUNDARIES.Utah;C:\TEMP\SGID10_gdb\SGID_Boundaries@SGID10@sgid.agrc.utah.gov.sde\SGID.BOUNDARIES.MetroTownships;C:\TEMP\SGID10_gdb\SGID_Boundaries@SGID10@sgid.agrc.utah.gov.sde\SGID.BOUNDARIES.GrandStaircaseEscalanteNM;C:\TEMP\SGID10_gdb\SGID_Boundaries@SGID10@sgid.agrc.utah.gov.sde\SGID.BOUNDARIES.ForestService;C:\TEMP\SGID10_gdb\SGID_Boundaries@SGID10@sgid.agrc.utah.gov.sde\SGID.BOUNDARIES.Counties_Modifications;C:\TEMP\SGID10_gdb\SGID_Boundaries@SGID10@sgid.agrc.utah.gov.sde\SGID.BOUNDARIES.Counties_LabelLines;C:\TEMP\SGID10_gdb\SGID_Boundaries@SGID10@sgid.agrc.utah.gov.sde\SGID.BOUNDARIES.Counties;C:\TEMP\SGID10_gdb\SGID_Boundaries@SGID10@sgid.agrc.utah.gov.sde\SGID.BOUNDARIES.BLMMonumentsAndNCAs_Historic;C:\TEMP\SGID10_gdb\SGID_Boundaries@SGID10@sgid.agrc.utah.gov.sde\SGID.BOUNDARIES.BLMMonumentsAndNCAs;C:\TEMP\SGID10_gdb\SGID_Boundaries@SGID10@sgid.agrc.utah.gov.sde\SGID.BOUNDARIES.BLMDistricts;C:\TEMP\SGID10_gdb\SGID_Boundaries@SGID10@sgid.agrc.utah.gov.sde\SGID.BOUNDARIES.AssociationOfGovernments agrc GRANT #</Process><Process ToolSource="c:\program files (x86)\arcgis\desktop10.7\ArcToolbox\Toolboxes\Data Management Tools.tbx\ChangePrivileges" Date="20191105" Time="154703" Name="" export="">ChangePrivileges C:\TEMP\SGID10_gdb\SGID_Boundaries@SGID10@sgid.agrc.utah.gov.sde\SGID.BOUNDARIES.Wilderness_BLM98Reinventory;C:\TEMP\SGID10_gdb\SGID_Boundaries@SGID10@sgid.agrc.utah.gov.sde\SGID.BOUNDARIES.Wilderness_BLMSuitability;C:\TEMP\SGID10_gdb\SGID_Boundaries@SGID10@sgid.agrc.utah.gov.sde\SGID.BOUNDARIES.UtahInlandPortAuthority_HB2001;C:\TEMP\SGID10_gdb\SGID_Boundaries@SGID10@sgid.agrc.utah.gov.sde\SGID.BOUNDARIES.UtahConservationDistricts;C:\TEMP\SGID10_gdb\SGID_Boundaries@SGID10@sgid.agrc.utah.gov.sde\SGID.BOUNDARIES.UtahConservationZones;C:\TEMP\SGID10_gdb\SGID_Boundaries@SGID10@sgid.agrc.utah.gov.sde\SGID.BOUNDARIES.USFSRoadlessInventory;C:\TEMP\SGID10_gdb\SGID_Boundaries@SGID10@sgid.agrc.utah.gov.sde\SGID.BOUNDARIES.Wilderness_BLMWSAs;C:\TEMP\SGID10_gdb\SGID_Boundaries@SGID10@sgid.agrc.utah.gov.sde\SGID.BOUNDARIES.USFSWildernessAreas;C:\TEMP\SGID10_gdb\SGID_Boundaries@SGID10@sgid.agrc.utah.gov.sde\SGID.BOUNDARIES.Municipalities_Modifications;C:\TEMP\SGID10_gdb\SGID_Boundaries@SGID10@sgid.agrc.utah.gov.sde\SGID.BOUNDARIES.Municipalities_Carto;C:\TEMP\SGID10_gdb\SGID_Boundaries@SGID10@sgid.agrc.utah.gov.sde\SGID.BOUNDARIES.MetroTownships;C:\TEMP\SGID10_gdb\SGID_Boundaries@SGID10@sgid.agrc.utah.gov.sde\SGID.BOUNDARIES.NavajoChapters;C:\TEMP\SGID10_gdb\SGID_Boundaries@SGID10@sgid.agrc.utah.gov.sde\SGID.BOUNDARIES.GrandStaircaseEscalanteNM;C:\TEMP\SGID10_gdb\SGID_Boundaries@SGID10@sgid.agrc.utah.gov.sde\SGID.BOUNDARIES.Municipalities;C:\TEMP\SGID10_gdb\SGID_Boundaries@SGID10@sgid.agrc.utah.gov.sde\SGID.BOUNDARIES.SchoolDistricts;C:\TEMP\SGID10_gdb\SGID_Boundaries@SGID10@sgid.agrc.utah.gov.sde\SGID.BOUNDARIES.ForestService;C:\TEMP\SGID10_gdb\SGID_Boundaries@SGID10@sgid.agrc.utah.gov.sde\SGID.BOUNDARIES.Counties_Modifications;C:\TEMP\SGID10_gdb\SGID_Boundaries@SGID10@sgid.agrc.utah.gov.sde\SGID.BOUNDARIES.ZipCodes;C:\TEMP\SGID10_gdb\SGID_Boundaries@SGID10@sgid.agrc.utah.gov.sde\SGID.BOUNDARIES.USStates;C:\TEMP\SGID10_gdb\SGID_Boundaries@SGID10@sgid.agrc.utah.gov.sde\SGID.BOUNDARIES.Counties_LabelLines;C:\TEMP\SGID10_gdb\SGID_Boundaries@SGID10@sgid.agrc.utah.gov.sde\SGID.BOUNDARIES.Counties;C:\TEMP\SGID10_gdb\SGID_Boundaries@SGID10@sgid.agrc.utah.gov.sde\SGID.BOUNDARIES.Utah;C:\TEMP\SGID10_gdb\SGID_Boundaries@SGID10@sgid.agrc.utah.gov.sde\SGID.BOUNDARIES.BLMMonumentsAndNCAs_Historic;C:\TEMP\SGID10_gdb\SGID_Boundaries@SGID10@sgid.agrc.utah.gov.sde\SGID.BOUNDARIES.BLMMonumentsAndNCAs;C:\TEMP\SGID10_gdb\SGID_Boundaries@SGID10@sgid.agrc.utah.gov.sde\SGID.BOUNDARIES.BLMDistricts;C:\TEMP\SGID10_gdb\SGID_Boundaries@SGID10@sgid.agrc.utah.gov.sde\SGID.BOUNDARIES.AssociationOfGovernments internal GRANT #</Process><Process ToolSource="c:\program files\arcgis\pro\Resources\ArcToolbox\toolboxes\Data Management Tools.tbx\CopyFeatures" Date="20210116" Time="030027">CopyFeatures SGID.sde\SGID.BOUNDARIES.Counties package_temp\Counties.gdb\Counties # # # #</Process><Process ToolSource="c:\program files\arcgis\pro\Resources\ArcToolbox\toolboxes\Data Management Tools.tbx\CopyFeatures" Date="20210116" Time="030028">CopyFeatures package_temp\Counties.gdb\Counties package_temp\Counties\Counties.shp # # # #</Process></lineage></DataProperties><SyncDate>20210116</SyncDate><SyncTime>03002800</SyncTime><ModDate>20210116</ModDate><ModTime>03002800</ModTime><scaleRange><minScale>150000000</minScale><maxScale>5000</maxScale></scaleRange><ArcGISProfile>ItemDescription</ArcGISProfile><CreaDate>20191030</CreaDate><CreaTime>11153000</CreaTime><ArcGISFormat>1.0</ArcGISFormat><SyncOnce>FALSE</SyncOnce></Esri><distInfo><distFormat><formatName Sync="TRUE">Shapefile</formatName></distFormat><distTranOps><transSize Sync="TRUE">0.000</transSize></distTranOps></distInfo><mdHrLv><ScopeCd value="005" Sync="TRUE"/></mdHrLv><mdHrLvName Sync="TRUE">dataset</mdHrLvName><refSysInfo><RefSystem><refSysID><identCode code="26912" Sync="TRUE"/><idCodeSpace Sync="TRUE">EPSG</idCodeSpace><idVersion Sync="TRUE">6.13(3.0.1)</idVersion></refSysID></RefSystem></refSysInfo><spatRepInfo><VectSpatRep><geometObjs Name="Counties"><geoObjTyp><GeoObjTypCd value="002" Sync="TRUE"></GeoObjTypCd></geoObjTyp><geoObjCnt Sync="TRUE">0</geoObjCnt></geometObjs><topLvl><TopoLevCd value="001" Sync="TRUE"></TopoLevCd></topLvl></VectSpatRep></spatRepInfo><spdoinfo><ptvctinf><esriterm Name="Counties"><efeatyp Sync="TRUE">Simple</efeatyp><efeageom code="4" Sync="TRUE"></efeageom><esritopo Sync="TRUE">FALSE</esritopo><efeacnt Sync="TRUE">0</efeacnt><spindex Sync="TRUE">FALSE</spindex><linrefer Sync="TRUE">FALSE</linrefer></esriterm></ptvctinf></spdoinfo><eainfo><detailed Name="Counties"><enttyp><enttypl Sync="TRUE">Counties</enttypl><enttypt Sync="TRUE">Feature Class</enttypt><enttypc Sync="TRUE">0</enttypc></enttyp><attr><attrlabl Sync="TRUE">FID</attrlabl><attalias Sync="TRUE">FID</attalias><attrtype Sync="TRUE">OID</attrtype><attwidth Sync="TRUE">4</attwidth><atprecis Sync="TRUE">0</atprecis><attscale Sync="TRUE">0</attscale><attrdef Sync="TRUE">Internal feature number.</attrdef><attrdefs Sync="TRUE">Esri</attrdefs><attrdomv><udom Sync="TRUE">Sequential unique whole numbers that are automatically generated.</udom></attrdomv></attr><attr><attrlabl Sync="TRUE">COUNTYNBR</attrlabl><attalias Sync="TRUE">COUNTYNBR</attalias><attrtype Sync="TRUE">String</attrtype><attwidth Sync="TRUE">2</attwidth><atprecis Sync="TRUE">0</atprecis><attscale Sync="TRUE">0</attscale></attr><attr><attrlabl Sync="TRUE">ENTITYNBR</attrlabl><attalias Sync="TRUE">ENTITYNBR</attalias><attrtype Sync="TRUE">Double</attrtype><attwidth Sync="TRUE">19</attwidth><atprecis Sync="TRUE">0</atprecis><attscale Sync="TRUE">0</attscale></attr><attr><attrlabl Sync="TRUE">ENTITYYR</attrlabl><attalias Sync="TRUE">ENTITYYR</attalias><attrtype Sync="TRUE">Double</attrtype><attwidth Sync="TRUE">19</attwidth><atprecis Sync="TRUE">0</atprecis><attscale Sync="TRUE">0</attscale></attr><attr><attrlabl Sync="TRUE">NAME</attrlabl><attalias Sync="TRUE">NAME</attalias><attrtype Sync="TRUE">String</attrtype><attwidth Sync="TRUE">100</attwidth><atprecis Sync="TRUE">0</atprecis><attscale Sync="TRUE">0</attscale></attr><attr><attrlabl Sync="TRUE">FIPS</attrlabl><attalias Sync="TRUE">FIPS</attalias><attrtype Sync="TRUE">Double</attrtype><attwidth Sync="TRUE">19</attwidth><atprecis Sync="TRUE">0</atprecis><attscale Sync="TRUE">0</attscale></attr><attr><attrlabl Sync="TRUE">STATEPLANE</attrlabl><attalias Sync="TRUE">STATEPLANE</attalias><attrtype Sync="TRUE">String</attrtype><attwidth Sync="TRUE">20</attwidth><atprecis Sync="TRUE">0</atprecis><attscale Sync="TRUE">0</attscale></attr><attr><attrlabl Sync="TRUE">FIPS_STR</attrlabl><attalias Sync="TRUE">FIPS_STR</attalias><attrtype Sync="TRUE">String</attrtype><attwidth Sync="TRUE">5</attwidth><atprecis Sync="TRUE">0</atprecis><attscale Sync="TRUE">0</attscale></attr><attr><attrlabl Sync="TRUE">POP_LASTCE</attrlabl><attalias Sync="TRUE">POP_LASTCE</attalias><attrtype Sync="TRUE">Integer</attrtype><attwidth Sync="TRUE">10</attwidth><atprecis Sync="TRUE">10</atprecis><attscale Sync="TRUE">0</attscale></attr><attr><attrlabl Sync="TRUE">POP_CURRES</attrlabl><attalias Sync="TRUE">POP_CURRES</attalias><attrtype Sync="TRUE">Integer</attrtype><attwidth Sync="TRUE">10</attwidth><atprecis Sync="TRUE">10</atprecis><attscale Sync="TRUE">0</attscale></attr><attr><attrlabl Sync="TRUE">COLOR4</attrlabl><attalias Sync="TRUE">COLOR4</attalias><attrtype Sync="TRUE">Integer</attrtype><attwidth Sync="TRUE">5</attwidth><atprecis Sync="TRUE">5</atprecis><attscale Sync="TRUE">0</attscale></attr><attr><attrlabl Sync="TRUE">Shape</attrlabl><attalias Sync="TRUE">Shape</attalias><attrtype Sync="TRUE">Geometry</attrtype><attwidth Sync="TRUE">0</attwidth><atprecis Sync="TRUE">0</atprecis><attscale Sync="TRUE">0</attscale><attrdef Sync="TRUE">Feature geometry.</attrdef><attrdefs Sync="TRUE">Esri</attrdefs><attrdomv><udom Sync="TRUE">Coordinates defining the features.</udom></attrdomv></attr><attr><attrlabl Sync="TRUE">Shape_Leng</attrlabl><attalias Sync="TRUE">Shape_Leng</attalias><attrtype Sync="TRUE">Double</attrtype><attwidth Sync="TRUE">19</attwidth><atprecis Sync="TRUE">0</atprecis><attscale Sync="TRUE">0</attscale></attr><attr><attrlabl Sync="TRUE">Shape_Area</attrlabl><attalias Sync="TRUE">Shape_Area</attalias><attrtype Sync="TRUE">Double</attrtype><attwidth Sync="TRUE">19</attwidth><atprecis Sync="TRUE">0</atprecis><attscale Sync="TRUE">0</attscale><attrdef Sync="TRUE">Area of feature in internal units squared.</attrdef><attrdefs Sync="TRUE">Esri</attrdefs><attrdomv><udom Sync="TRUE">Positive real numbers that are automatically generated.</udom></attrdomv></attr></detailed></eainfo><mdDateSt Sync="TRUE">20210116</mdDateSt></metadata>
