<metadata>
	<idinfo>
		<citation>
			<citeinfo>
				<title>Delaware River Watershed Municipalities</title>
				<geoform>vector digital data</geoform>
				<origin>Natural Lands Trust</origin><pubdate>2016</pubdate><onlink>http://www.pasda.psu.edu/</onlink></citeinfo>
		</citation>
		<descript>
			<abstract>Municipality boundaries for the Delaware River Watershed. The attribute information contains the municipality name, county name, and state name. The layer covers areas of New York, New Jersey, Pennsylvania, and Delaware.</abstract></descript>
		<spdom>
			<bounding>
				<westbc>-75.945981</westbc>
				<eastbc>-75.019230</eastbc>
				<northbc>41.185095</northbc>
				<southbc>39.210303</southbc>
			</bounding>
		</spdom>
		<keywords>
			<theme>
				<themekt>ISO 19115 Topic Categories</themekt>
				<themekey>Natural Lands Trust</themekey>
				<themekey>boundaries</themekey>
				<themekey>environment</themekey></theme>
		</keywords>
		<accconst>None</accconst>
		<useconst>None</useconst>
		<datacred>Megan Boatright
Natural Lands Trust
mboatright@natlands.org</datacred>
		<native>Microsoft Windows 7 Version 6.1 (Build 7601) Service Pack 1; Esri ArcGIS 10.2.0.3348</native>
		<ptcontac><cntinfo><cntperp><cntper>Megan Boatright</cntper><cntorg>Natural Lands Trust</cntorg></cntperp><cntpos>Manager of GIS and Cartography Services</cntpos><cntaddr><address>1031 Palmers Mill Road</address><city>Media</city><state>Pennsylvania</state><postal>19063</postal><country>United States</country></cntaddr><cntvoice>610-353-5587</cntvoice><cntemail>mboatright@natlands.org</cntemail></cntinfo></ptcontac><timeperd><timeinfo><sngdate><caldate>2016</caldate></sngdate></timeinfo><current>publication date</current></timeperd><status><progress>Complete</progress><update>As needed</update></status></idinfo>
	<spdoinfo>
		<direct>Vector</direct>
		<ptvctinf>
			<sdtsterm>
				<sdtstype>GT-polygon composed of chains</sdtstype>
			</sdtsterm>
		</ptvctinf>
	</spdoinfo>
	<spref>
		<horizsys>
			<planar>
				<mapproj>
					<transmer>
						<sfctrmer>0.9996</sfctrmer>
						<longcm>-75.0</longcm>
						<latprjo>0.0</latprjo>
						<feast>500000.0</feast>
						<fnorth>0.0</fnorth>
					</transmer>
				</mapproj>
				<planci>
					<plance>coordinate pair</plance>
					<coordrep>
						<absres>0.000000002220024164500956</absres>
						<ordres>0.000000002220024164500956</ordres>
					</coordrep>
					<plandu>meter</plandu>
				</planci>
			</planar>
			<geodetic>
				<horizdn>D North American 1983</horizdn>
				<ellips>GRS 1980</ellips>
				<semiaxis>6378137.0</semiaxis>
				<denflat>298.257222101</denflat>
			</geodetic>
		</horizsys>
	</spref>
	<eainfo>
		<detailed>
			<enttyp>
				<enttypl>DelawareRiverWatershedMunicipalities</enttypl>
			</enttyp>
			<attr>
				<attrlabl>FID</attrlabl>
				<attrdef>Internal feature number.</attrdef>
				<attrdefs>Esri</attrdefs>
				<attrdomv>
					<udom>Sequential unique whole numbers that are automatically generated.</udom>
				</attrdomv>
			</attr>
			<attr>
				<attrlabl>Shape</attrlabl>
				<attrdef>Feature geometry.</attrdef>
				<attrdefs>ESRI</attrdefs>
				<attrdomv>
					<udom>Coordinates defining the features.</udom>
				</attrdomv>
			</attr>
			<attr>
				<attrlabl>Municipali</attrlabl>
			</attr>
			<attr>
				<attrlabl>County</attrlabl>
			</attr>
			<attr>
				<attrlabl>State</attrlabl>
			</attr>
			<attr>
				<attrlabl>NAME</attrlabl>
			</attr>
		</detailed>
	</eainfo>
	<distinfo>
		<distliab>The USER shall indemnify, save harmless, and, if requested, defend those parties involved with the development and distribution of this data, their officers, agents, and employees from and against any suits, claims, or actions for injury, death, or property damage arising out of the use of or any defect in the FILES or any accompanying documentation. Those parties involved with the development and distribution excluded any and all implied warranties, including warranties or merchantability and fitness for a particular purpose and makes no warranty or representation, either express or implied, with respect to the FILES or accompanying documentation, including its quality, performance, merchantability, or fitness for a particular purpose. The FILES and documentation are provided "as is" and the USER assumes the entire risk as to its quality and performance. Those parties involved with the development and distribution of this data will not be liable for any direct, indirect, special, incidental, or consequential damages arising out of the use or inability to use the FILES or any accompanying documentation.</distliab>
		<stdorder>
			<digform>
				<digtinfo>
					<formname>SDE Feature Class</formname>
					<transize>0.000</transize>
				</digtinfo>
				<digtopt/>
			</digform>
		</stdorder>
		<distrib><cntinfo><cntperp><cntorg>Pennsylvania Spatial Data Access (PASDA)</cntorg></cntperp><cntaddr><address>115 Land and Water Building</address><city>University Park</city><state>Pennsylvania</state><postal>16802</postal><country>United States</country></cntaddr><cntvoice>(814) 865 - 8792</cntvoice><cntemail>pasda@psu.edu</cntemail></cntinfo></distrib></distinfo>
	<metainfo>
		<metd>201605</metd>
		<metstdn>FGDC Content Standard for Digital Geospatial Metadata</metstdn>
		<metstdv>FGDC-STD-001-1998</metstdv>
		<mettc>local time</mettc>
		<metc><cntinfo><cntorgp><cntorg>Pennsylvania Spatial Data Access (PASDA)</cntorg></cntorgp><cntaddr><address>115 Land and Water Building</address><city>University Park</city><state>Pennsylvania</state><postal>16802</postal><country>United States</country></cntaddr><cntvoice>(814) 865 - 8792</cntvoice><cntemail>pasda@psu.edu</cntemail></cntinfo></metc></metainfo>
</metadata>
