<metadata xml:lang="en"><Esri><CreaDate>20160520</CreaDate><CreaTime>11511700</CreaTime><ArcGISFormat>1.0</ArcGISFormat><SyncOnce>FALSE</SyncOnce><DataProperties><itemProps><itemName Sync="TRUE">DRWI_Municipalities</itemName><imsContentType Sync="TRUE">002</imsContentType><itemLocation><linkage Sync="TRUE">file://\\NLTPCMB\C$\Users\boatright\Desktop\Muni\DRWI_Municipalities.shp</linkage><protocol Sync="TRUE">Local Area Network</protocol></itemLocation><itemSize Sync="TRUE">5.864</itemSize><nativeExtBox><westBL Sync="TRUE">-76.493768</westBL><eastBL Sync="TRUE">-74.087358</eastBL><southBL Sync="TRUE">38.666478</southBL><northBL Sync="TRUE">42.548578</northBL><exTypeCode Sync="TRUE">1</exTypeCode></nativeExtBox></itemProps><coordRef><type Sync="TRUE">Geographic</type><geogcsn Sync="TRUE">GCS_North_American_1983</geogcsn><csUnits Sync="TRUE">Angular Unit: Degree (0.017453)</csUnits><peXml Sync="TRUE">&lt;GeographicCoordinateSystem xsi:type='typens:GeographicCoordinateSystem' xmlns:xsi='http://www.w3.org/2001/XMLSchema-instance' xmlns:xs='http://www.w3.org/2001/XMLSchema' xmlns:typens='http://www.esri.com/schemas/ArcGIS/10.3'&gt;&lt;WKT&gt;GEOGCS[&amp;quot;GCS_North_American_1983&amp;quot;,DATUM[&amp;quot;D_North_American_1983&amp;quot;,SPHEROID[&amp;quot;GRS_1980&amp;quot;,6378137.0,298.257222101]],PRIMEM[&amp;quot;Greenwich&amp;quot;,0.0],UNIT[&amp;quot;Degree&amp;quot;,0.0174532925199433],AUTHORITY[&amp;quot;EPSG&amp;quot;,4269]]&lt;/WKT&gt;&lt;XOrigin&gt;-400&lt;/XOrigin&gt;&lt;YOrigin&gt;-400&lt;/YOrigin&gt;&lt;XYScale&gt;11258999068426.238&lt;/XYScale&gt;&lt;ZOrigin&gt;-100000&lt;/ZOrigin&gt;&lt;ZScale&gt;10000&lt;/ZScale&gt;&lt;MOrigin&gt;-100000&lt;/MOrigin&gt;&lt;MScale&gt;10000&lt;/MScale&gt;&lt;XYTolerance&gt;8.9831528411952133e-009&lt;/XYTolerance&gt;&lt;ZTolerance&gt;0.001&lt;/ZTolerance&gt;&lt;MTolerance&gt;0.001&lt;/MTolerance&gt;&lt;HighPrecision&gt;true&lt;/HighPrecision&gt;&lt;LeftLongitude&gt;-180&lt;/LeftLongitude&gt;&lt;WKID&gt;4269&lt;/WKID&gt;&lt;LatestWKID&gt;4269&lt;/LatestWKID&gt;&lt;/GeographicCoordinateSystem&gt;</peXml></coordRef><lineage><Process ToolSource="c:\program files (x86)\arcgis\desktop10.3\ArcToolbox\Toolboxes\Conversion Tools.tbx\FeatureClassToFeatureClass" Date="20160520" Time="114612" Name="" export="">FeatureClassToFeatureClass C:\Users\boatright\Downloads\Municipalities\Municipalities.shp "Database Connections\NLT_Admin connection to NLTGIS01.sde\NLT_GIS.NLT_ADMIN.Municipality_Boundaries" Delaware_Municipalities # "OBJECTID "OBJECTID" true true false 10 Long 0 10 ,First,#,C:\Users\boatright\Downloads\Municipalities\Municipalities.shp,OBJECTID,-1,-1;GEOID10 "GEOID10" true true false 80 Text 0 0 ,First,#,C:\Users\boatright\Downloads\Municipalities\Municipalities.shp,GEOID10,-1,-1;NAME "NAME" true true false 80 Text 0 0 ,First,#,C:\Users\boatright\Downloads\Municipalities\Municipalities.shp,NAME,-1,-1;POP_2010 "POP_2010" true true false 10 Long 0 10 ,First,#,C:\Users\boatright\Downloads\Municipalities\Municipalities.shp,POP_2010,-1,-1;HU_2010 "HU_2010" true true false 10 Long 0 10 ,First,#,C:\Users\boatright\Downloads\Municipalities\Municipalities.shp,HU_2010,-1,-1;WEBSITE "WEBSITE" true true false 80 Text 0 0 ,First,#,C:\Users\boatright\Downloads\Municipalities\Municipalities.shp,WEBSITE,-1,-1;ACRES "ACRES" true true false 24 Double 15 23 ,First,#,C:\Users\boatright\Downloads\Municipalities\Municipalities.shp,ACRES,-1,-1;GLOBALID "GLOBALID" true true false 80 Text 0 0 ,First,#,C:\Users\boatright\Downloads\Municipalities\Municipalities.shp,GLOBALID,-1,-1" #</Process><Process ToolSource="c:\program files (x86)\arcgis\desktop10.3\ArcToolbox\Toolboxes\Data Management Tools.tbx\Merge" Date="20160520" Time="115705" Name="" export="">Merge DE_Munis;NJ_Munis;PA_Munis;NY_Munis C:\Users\boatright\Desktop\Muni\Merged_Munis.shp "OBJECTID_1 "OBJECTID_1" true true false 10 Long 0 10 ,First,#,DE_Munis,OBJECTID_1,-1,-1,NY_Munis,OBJECTID_1,-1,-1;OBJECTID "OBJECTID" true true false 10 Long 0 10 ,First,#,DE_Munis,OBJECTID,-1,-1,NJ_Munis,OBJECTID,-1,-1,PA_Munis,OBJECTID,-1,-1,NY_Munis,OBJECTID,-1,-1;GEOID10 "GEOID10" true true false 80 Text 0 0 ,First,#,DE_Munis,GEOID10,-1,-1;NAME "NAME" true true false 80 Text 0 0 ,First,#,DE_Munis,NAME,-1,-1,NJ_Munis,NAME,-1,-1,PA_Munis,Name,-1,-1,NY_Munis,NAME,-1,-1;POP_2010 "POP_2010" true true false 10 Long 0 10 ,First,#,DE_Munis,POP_2010,-1,-1;HU_2010 "HU_2010" true true false 10 Long 0 10 ,First,#,DE_Munis,HU_2010,-1,-1;WEBSITE "WEBSITE" true true false 80 Text 0 0 ,First,#,DE_Munis,WEBSITE,-1,-1;ACRES "ACRES" true true false 19 Double 15 18 ,First,#,DE_Munis,ACRES,-1,-1,NJ_Munis,ACRES,-1,-1;GLOBALID "GLOBALID" true true false 80 Text 0 0 ,First,#,DE_Munis,GLOBALID,-1,-1;Shape_STAr "Shape_STAr" true true false 19 Double 0 0 ,First,#,DE_Munis,Shape_STAr,-1,-1,NJ_Munis,Shape_STAr,-1,-1,PA_Munis,Shape_STAr,-1,-1,NY_Munis,Shape_STAr,-1,-1;Shape_STLe "Shape_STLe" true true false 19 Double 0 0 ,First,#,DE_Munis,Shape_STLe,-1,-1,NJ_Munis,Shape_STLe,-1,-1,PA_Munis,Shape_STLe,-1,-1,NY_Munis,Shape_STLe,-1,-1;MUN "MUN" true true false 28 Text 0 0 ,First,#,NJ_Munis,MUN,-1,-1;COUNTY "COUNTY" true true false 10 Text 0 0 ,First,#,NJ_Munis,COUNTY,-1,-1,PA_Munis,COUNTY,-1,-1;MUN_LABEL "MUN_LABEL" true true false 35 Text 0 0 ,First,#,NJ_Munis,MUN_LABEL,-1,-1;MUN_TYPE "MUN_TYPE" true true false 12 Text 0 0 ,First,#,NJ_Munis,MUN_TYPE,-1,-1;GNIS_NAME "GNIS_NAME" true true false 35 Text 0 0 ,First,#,NJ_Munis,GNIS_NAME,-1,-1;GNIS "GNIS" true true false 8 Text 0 0 ,First,#,NJ_Munis,GNIS,-1,-1;SSN "SSN" true true false 4 Text 0 0 ,First,#,NJ_Munis,SSN,-1,-1;MUN_CODE "MUN_CODE" true true false 4 Text 0 0 ,First,#,NJ_Munis,MUN_CODE,-1,-1;CENSUS2010 "CENSUS2010" true true false 10 Text 0 0 ,First,#,NJ_Munis,CENSUS2010,-1,-1;SQ_MILES "SQ_MILES" true true false 19 Double 8 18 ,First,#,NJ_Munis,SQ_MILES,-1,-1;POP2010 "POP2010" true true false 10 Long 0 10 ,First,#,NJ_Munis,POP2010,-1,-1;POP2000 "POP2000" true true false 10 Long 0 10 ,First,#,NJ_Munis,POP2000,-1,-1,NY_Munis,POP2000,-1,-1;POP1990 "POP1990" true true false 10 Long 0 10 ,First,#,NJ_Munis,POP1990,-1,-1,NY_Munis,POP1990,-1,-1;POP1980 "POP1980" true true false 10 Long 0 10 ,First,#,NJ_Munis,POP1980,-1,-1;POPDEN2010 "POPDEN2010" true true false 10 Long 0 10 ,First,#,NJ_Munis,POPDEN2010,-1,-1;POPDEN2000 "POPDEN2000" true true false 10 Long 0 10 ,First,#,NJ_Munis,POPDEN2000,-1,-1;POPDEN1990 "POPDEN1990" true true false 10 Long 0 10 ,First,#,NJ_Munis,POPDEN1990,-1,-1;POPDEN1980 "POPDEN1980" true true false 10 Long 0 10 ,First,#,NJ_Munis,POPDEN1980,-1,-1;Shape_Leng "Shape_Leng" true true false 19 Double 8 18 ,First,#,NJ_Munis,Shape_Leng,-1,-1,NY_Munis,SHAPE_Leng,-1,-1;MSLINK "MSLINK" true true false 19 Double 8 18 ,First,#,PA_Munis,MSLINK,-1,-1;MUNICIPAL_ "MUNICIPAL_" true true false 3 Text 0 0 ,First,#,PA_Munis,MUNICIPAL_,-1,-1;MUNICIPAL1 "MUNICIPAL1" true true false 20 Text 0 0 ,First,#,PA_Munis,MUNICIPAL1,-1,-1;FIPS_MUN_C "FIPS_MUN_C" true true false 5 Text 0 0 ,First,#,PA_Munis,FIPS_MUN_C,-1,-1;FED_AID_UR "FED_AID_UR" true true false 1 Text 0 0 ,First,#,PA_Munis,FED_AID_UR,-1,-1;FIPS_COUNT "FIPS_COUNT" true true false 3 Text 0 0 ,First,#,PA_Munis,FIPS_COUNT,-1,-1;FIPS_AREA_ "FIPS_AREA_" true true false 5 Text 0 0 ,First,#,PA_Munis,FIPS_AREA_,-1,-1;FIPS_NAME "FIPS_NAME" true true false 16 Text 0 0 ,First,#,PA_Munis,FIPS_NAME,-1,-1;FIPS_SQ_MI "FIPS_SQ_MI" true true false 19 Double 8 18 ,First,#,PA_Munis,FIPS_SQ_MI,-1,-1;FIPS_MUN_P "FIPS_MUN_P" true true false 19 Double 8 18 ,First,#,PA_Munis,FIPS_MUN_P,-1,-1;FED_ID_NUM "FED_ID_NUM" true true false 10 Text 0 0 ,First,#,PA_Munis,FED_ID_NUM,-1,-1;CLASS_OF_M "CLASS_OF_M" true true false 4 Text 0 0 ,First,#,PA_Munis,CLASS_OF_M,-1,-1;Label "Label" true true false 50 Text 0 0 ,First,#,PA_Munis,Label,-1,-1;DATEMOD "DATEMOD" true true false 8 Date 0 0 ,First,#,NY_Munis,DATEMOD,-1,-1;GEOCODE "GEOCODE" true true false 4 Text 0 0 ,First,#,NY_Munis,GEOCODE,-1,-1;CT_TYPE "CT_TYPE" true true false 10 Long 0 10 ,First,#,NY_Munis,CT_TYPE,-1,-1;FILLTINT "FILLTINT" true true false 10 Long 0 10 ,First,#,NY_Munis,FILLTINT,-1,-1;FID_1 "FID_1" true true false 10 Long 0 10 ,First,#,NY_Munis,FID_1,-1,-1;GNIS_ID "GNIS_ID" true true false 9 Text 0 0 ,First,#,NY_Munis,GNIS_ID,-1,-1;DoS_LL "DoS_LL" true true false 7 Text 0 0 ,First,#,NY_Munis,DoS_LL,-1,-1;DoS_LL_Dat "DoS_LL_Dat" true true false 8 Date 0 0 ,First,#,NY_Munis,DoS_LL_Dat,-1,-1"</Process><Process ToolSource="c:\program files (x86)\arcgis\desktop10.3\ArcToolbox\Toolboxes\Data Management Tools.tbx\CalculateField" Date="20160520" Time="120502" Name="" export="">CalculateField Merged_Munis STATE "NY" VB #</Process><Process ToolSource="c:\program files (x86)\arcgis\desktop10.3\ArcToolbox\Toolboxes\Data Management Tools.tbx\CalculateField" Date="20160520" Time="120516" Name="" export="">CalculateField Merged_Munis COUNTY "Broome" VB #</Process><Process ToolSource="c:\program files (x86)\arcgis\desktop10.3\ArcToolbox\Toolboxes\Data Management Tools.tbx\CalculateField" Date="20160520" Time="120528" Name="" export="">CalculateField Merged_Munis COUNTY "Chenango" VB #</Process><Process ToolSource="c:\program files (x86)\arcgis\desktop10.3\ArcToolbox\Toolboxes\Data Management Tools.tbx\CalculateField" Date="20160520" Time="120549" Name="" export="">CalculateField Merged_Munis COUNTY "Delaware" VB #</Process><Process ToolSource="c:\program files (x86)\arcgis\desktop10.3\ArcToolbox\Toolboxes\Data Management Tools.tbx\CalculateField" Date="20160520" Time="120603" Name="" export="">CalculateField Merged_Munis COUNTY "Schoharie" VB #</Process><Process ToolSource="c:\program files (x86)\arcgis\desktop10.3\ArcToolbox\Toolboxes\Data Management Tools.tbx\CalculateField" Date="20160520" Time="120615" Name="" export="">CalculateField Merged_Munis COUNTY "Greene" VB #</Process><Process ToolSource="c:\program files (x86)\arcgis\desktop10.3\ArcToolbox\Toolboxes\Data Management Tools.tbx\CalculateField" Date="20160520" Time="120626" Name="" export="">CalculateField Merged_Munis COUNTY "Ulster" VB #</Process><Process ToolSource="c:\program files (x86)\arcgis\desktop10.3\ArcToolbox\Toolboxes\Data Management Tools.tbx\CalculateField" Date="20160520" Time="120642" Name="" export="">CalculateField Merged_Munis COUNTY "Sullivan" VB #</Process><Process ToolSource="c:\program files (x86)\arcgis\desktop10.3\ArcToolbox\Toolboxes\Data Management Tools.tbx\CalculateField" Date="20160520" Time="120656" Name="" export="">CalculateField Merged_Munis COUNTY "Orange" VB #</Process><Process ToolSource="c:\program files (x86)\arcgis\desktop10.3\ArcToolbox\Toolboxes\Data Management Tools.tbx\CalculateField" Date="20160520" Time="120810" Name="" export="">CalculateField Merged_Munis COUNTY "Sussex" VB #</Process><Process ToolSource="c:\program files (x86)\arcgis\desktop10.3\ArcToolbox\Toolboxes\Data Management Tools.tbx\CalculateField" Date="20160520" Time="120825" Name="" export="">CalculateField Merged_Munis COUNTY "Morris" VB #</Process><Process ToolSource="c:\program files (x86)\arcgis\desktop10.3\ArcToolbox\Toolboxes\Data Management Tools.tbx\CalculateField" Date="20160520" Time="120849" Name="" export="">CalculateField Merged_Munis COUNTY "Hunterdon" VB #</Process><Process ToolSource="c:\program files (x86)\arcgis\desktop10.3\ArcToolbox\Toolboxes\Data Management Tools.tbx\CalculateField" Date="20160520" Time="120909" Name="" export="">CalculateField Merged_Munis COUNTY "Mercer" VB #</Process><Process ToolSource="c:\program files (x86)\arcgis\desktop10.3\ArcToolbox\Toolboxes\Data Management Tools.tbx\CalculateField" Date="20160520" Time="120923" Name="" export="">CalculateField Merged_Munis COUNTY "Monmouth" VB #</Process><Process ToolSource="c:\program files (x86)\arcgis\desktop10.3\ArcToolbox\Toolboxes\Data Management Tools.tbx\CalculateField" Date="20160520" Time="120937" Name="" export="">CalculateField Merged_Munis COUNTY "Ocean" VB #</Process><Process ToolSource="c:\program files (x86)\arcgis\desktop10.3\ArcToolbox\Toolboxes\Data Management Tools.tbx\CalculateField" Date="20160520" Time="121015" Name="" export="">CalculateField Merged_Munis COUNTY "Burlington" VB #</Process><Process ToolSource="c:\program files (x86)\arcgis\desktop10.3\ArcToolbox\Toolboxes\Data Management Tools.tbx\CalculateField" Date="20160520" Time="121040" Name="" export="">CalculateField Merged_Munis COUNTY "Camden" VB #</Process><Process ToolSource="c:\program files (x86)\arcgis\desktop10.3\ArcToolbox\Toolboxes\Data Management Tools.tbx\CalculateField" Date="20160520" Time="121112" Name="" export="">CalculateField Merged_Munis COUNTY "Gloucester" VB #</Process><Process ToolSource="c:\program files (x86)\arcgis\desktop10.3\ArcToolbox\Toolboxes\Data Management Tools.tbx\CalculateField" Date="20160520" Time="121129" Name="" export="">CalculateField Merged_Munis COUNTY "Salem" VB #</Process><Process ToolSource="c:\program files (x86)\arcgis\desktop10.3\ArcToolbox\Toolboxes\Data Management Tools.tbx\CalculateField" Date="20160520" Time="121144" Name="" export="">CalculateField Merged_Munis COUNTY "Atlantic" VB #</Process><Process ToolSource="c:\program files (x86)\arcgis\desktop10.3\ArcToolbox\Toolboxes\Data Management Tools.tbx\CalculateField" Date="20160520" Time="121200" Name="" export="">CalculateField Merged_Munis COUNTY "Cumberland" VB #</Process><Process ToolSource="c:\program files (x86)\arcgis\desktop10.3\ArcToolbox\Toolboxes\Data Management Tools.tbx\CalculateField" Date="20160520" Time="121220" Name="" export="">CalculateField Merged_Munis COUNTY "Cape May" VB #</Process><Process ToolSource="c:\program files (x86)\arcgis\desktop10.3\ArcToolbox\Toolboxes\Data Management Tools.tbx\CalculateField" Date="20160520" Time="121329" Name="" export="">CalculateField Merged_Munis STATE "NJ" VB #</Process><Process ToolSource="c:\program files (x86)\arcgis\desktop10.3\ArcToolbox\Toolboxes\Data Management Tools.tbx\CalculateField" Date="20160520" Time="121402" Name="" export="">CalculateField Merged_Munis COUNTY "Warren" VB #</Process><Process ToolSource="c:\program files (x86)\arcgis\desktop10.3\ArcToolbox\Toolboxes\Data Management Tools.tbx\CalculateField" Date="20160520" Time="121411" Name="" export="">CalculateField Merged_Munis STATE "NJ" VB #</Process><Process ToolSource="c:\program files (x86)\arcgis\desktop10.3\ArcToolbox\Toolboxes\Data Management Tools.tbx\CalculateField" Date="20160520" Time="121609" Name="" export="">CalculateField Merged_Munis COUNTY "Wayne" VB #</Process><Process ToolSource="c:\program files (x86)\arcgis\desktop10.3\ArcToolbox\Toolboxes\Data Management Tools.tbx\CalculateField" Date="20160520" Time="121625" Name="" export="">CalculateField Merged_Munis COUNTY "Lackawanna" VB #</Process><Process ToolSource="c:\program files (x86)\arcgis\desktop10.3\ArcToolbox\Toolboxes\Data Management Tools.tbx\CalculateField" Date="20160520" Time="121649" Name="" export="">CalculateField Merged_Munis COUNTY "Pike" VB #</Process><Process ToolSource="c:\program files (x86)\arcgis\desktop10.3\ArcToolbox\Toolboxes\Data Management Tools.tbx\CalculateField" Date="20160520" Time="121722" Name="" export="">CalculateField Merged_Munis COUNTY "Monroe" VB #</Process><Process ToolSource="c:\program files (x86)\arcgis\desktop10.3\ArcToolbox\Toolboxes\Data Management Tools.tbx\CalculateField" Date="20160520" Time="121752" Name="" export="">CalculateField Merged_Munis COUNTY "Luzerne" VB #</Process><Process ToolSource="c:\program files (x86)\arcgis\desktop10.3\ArcToolbox\Toolboxes\Data Management Tools.tbx\CalculateField" Date="20160520" Time="121832" Name="" export="">CalculateField Merged_Munis COUNTY "Carbon" VB #</Process><Process ToolSource="c:\program files (x86)\arcgis\desktop10.3\ArcToolbox\Toolboxes\Data Management Tools.tbx\CalculateField" Date="20160520" Time="121910" Name="" export="">CalculateField Merged_Munis COUNTY "Schuylkill" VB #</Process><Process ToolSource="c:\program files (x86)\arcgis\desktop10.3\ArcToolbox\Toolboxes\Data Management Tools.tbx\CalculateField" Date="20160520" Time="121945" Name="" export="">CalculateField Merged_Munis COUNTY "Lehigh" VB #</Process><Process ToolSource="c:\program files (x86)\arcgis\desktop10.3\ArcToolbox\Toolboxes\Data Management Tools.tbx\CalculateField" Date="20160520" Time="122028" Name="" export="">CalculateField Merged_Munis COUNTY "Northampton" VB #</Process><Process ToolSource="c:\program files (x86)\arcgis\desktop10.3\ArcToolbox\Toolboxes\Data Management Tools.tbx\CalculateField" Date="20160520" Time="122108" Name="" export="">CalculateField Merged_Munis COUNTY "Bucks" VB #</Process><Process ToolSource="c:\program files (x86)\arcgis\desktop10.3\ArcToolbox\Toolboxes\Data Management Tools.tbx\CalculateField" Date="20160520" Time="122158" Name="" export="">CalculateField Merged_Munis COUNTY "Montgomery" VB #</Process><Process ToolSource="c:\program files (x86)\arcgis\desktop10.3\ArcToolbox\Toolboxes\Data Management Tools.tbx\CalculateField" Date="20160520" Time="122212" Name="" export="">CalculateField Merged_Munis COUNTY "Philadelphia" VB #</Process><Process ToolSource="c:\program files (x86)\arcgis\desktop10.3\ArcToolbox\Toolboxes\Data Management Tools.tbx\CalculateField" Date="20160520" Time="122258" Name="" export="">CalculateField Merged_Munis COUNTY "Delaware" VB #</Process><Process ToolSource="c:\program files (x86)\arcgis\desktop10.3\ArcToolbox\Toolboxes\Data Management Tools.tbx\CalculateField" Date="20160520" Time="122334" Name="" export="">CalculateField Merged_Munis COUNTY "Chester" VB #</Process><Process ToolSource="c:\program files (x86)\arcgis\desktop10.3\ArcToolbox\Toolboxes\Data Management Tools.tbx\CalculateField" Date="20160520" Time="122348" Name="" export="">CalculateField Merged_Munis COUNTY "Lancaster" VB #</Process><Process ToolSource="c:\program files (x86)\arcgis\desktop10.3\ArcToolbox\Toolboxes\Data Management Tools.tbx\CalculateField" Date="20160520" Time="122400" Name="" export="">CalculateField Merged_Munis COUNTY "Lebanon" VB #</Process><Process ToolSource="c:\program files (x86)\arcgis\desktop10.3\ArcToolbox\Toolboxes\Data Management Tools.tbx\CalculateField" Date="20160520" Time="122443" Name="" export="">CalculateField Merged_Munis COUNTY "Berks" VB #</Process><Process ToolSource="c:\program files (x86)\arcgis\desktop10.3\ArcToolbox\Toolboxes\Data Management Tools.tbx\CalculateField" Date="20160520" Time="122608" Name="" export="">CalculateField Merged_Munis STATE "PA" VB #</Process><Process ToolSource="c:\program files (x86)\arcgis\desktop10.3\ArcToolbox\Toolboxes\Data Management Tools.tbx\CalculateField" Date="20160520" Time="122704" Name="" export="">CalculateField Merged_Munis STATE "DE" VB #</Process><Process ToolSource="c:\program files (x86)\arcgis\desktop10.3\ArcToolbox\Toolboxes\Data Management Tools.tbx\CalculateField" Date="20160520" Time="122926" Name="" export="">CalculateField Merged_Munis COUNTY "Northampton" VB #</Process><Process ToolSource="c:\program files (x86)\arcgis\desktop10.3\ArcToolbox\Toolboxes\Data Management Tools.tbx\CalculateField" Date="20160520" Time="122934" Name="" export="">CalculateField Merged_Munis STATE "PA" VB #</Process><Process ToolSource="c:\program files (x86)\arcgis\desktop10.3\ArcToolbox\Toolboxes\Data Management Tools.tbx\CalculateField" Date="20160520" Time="122946" Name="" export="">CalculateField Merged_Munis COUNTY "Hunterdon" VB #</Process><Process ToolSource="c:\program files (x86)\arcgis\desktop10.3\ArcToolbox\Toolboxes\Data Management Tools.tbx\CalculateField" Date="20160520" Time="123022" Name="" export="">CalculateField Merged_Munis COUNTY "Schuylkill" VB #</Process><Process ToolSource="c:\program files (x86)\arcgis\desktop10.3\ArcToolbox\Toolboxes\Data Management Tools.tbx\CalculateField" Date="20160520" Time="123029" Name="" export="">CalculateField Merged_Munis STATE "PA" VB #</Process><Process ToolSource="c:\program files (x86)\arcgis\desktop10.3\ArcToolbox\Toolboxes\Data Management Tools.tbx\CalculateField" Date="20160520" Time="123133" Name="" export="">CalculateField Merged_Munis COUNTY "Berks" VB #</Process><Process ToolSource="c:\program files (x86)\arcgis\desktop10.3\ArcToolbox\Toolboxes\Data Management Tools.tbx\CalculateField" Date="20160520" Time="123140" Name="" export="">CalculateField Merged_Munis STATE "PA" VB #</Process><Process ToolSource="c:\program files (x86)\arcgis\desktop10.3\ArcToolbox\Toolboxes\Data Management Tools.tbx\CalculateField" Date="20160520" Time="123215" Name="" export="">CalculateField Merged_Munis COUNTY "Bucks" VB #</Process><Process ToolSource="c:\program files (x86)\arcgis\desktop10.3\ArcToolbox\Toolboxes\Data Management Tools.tbx\CalculateField" Date="20160520" Time="123222" Name="" export="">CalculateField Merged_Munis STATE "PA" VB #</Process><Process ToolSource="c:\program files (x86)\arcgis\desktop10.3\ArcToolbox\Toolboxes\Data Management Tools.tbx\CalculateField" Date="20160520" Time="123254" Name="" export="">CalculateField Merged_Munis COUNTY "Montgomery" VB #</Process><Process ToolSource="c:\program files (x86)\arcgis\desktop10.3\ArcToolbox\Toolboxes\Data Management Tools.tbx\CalculateField" Date="20160520" Time="123301" Name="" export="">CalculateField Merged_Munis STATE "PA" VB #</Process><Process ToolSource="c:\program files (x86)\arcgis\desktop10.3\ArcToolbox\Toolboxes\Data Management Tools.tbx\CalculateField" Date="20160520" Time="123323" Name="" export="">CalculateField Merged_Munis COUNTY "Chester" VB #</Process><Process ToolSource="c:\program files (x86)\arcgis\desktop10.3\ArcToolbox\Toolboxes\Data Management Tools.tbx\CalculateField" Date="20160520" Time="123354" Name="" export="">CalculateField Merged_Munis COUNTY "Delaware" VB #</Process><Process ToolSource="c:\program files (x86)\arcgis\desktop10.3\ArcToolbox\Toolboxes\Data Management Tools.tbx\CalculateField" Date="20160520" Time="123510" Name="" export="">CalculateField Merged_Munis COUNTY "New Castle" VB #</Process><Process ToolSource="c:\program files (x86)\arcgis\desktop10.3\ArcToolbox\Toolboxes\Data Management Tools.tbx\CalculateField" Date="20160520" Time="123526" Name="" export="">CalculateField Merged_Munis COUNTY "New Castle/Kent" VB #</Process><Process ToolSource="c:\program files (x86)\arcgis\desktop10.3\ArcToolbox\Toolboxes\Data Management Tools.tbx\CalculateField" Date="20160520" Time="123549" Name="" export="">CalculateField Merged_Munis COUNTY "Kent" VB #</Process><Process ToolSource="c:\program files (x86)\arcgis\desktop10.3\ArcToolbox\Toolboxes\Data Management Tools.tbx\CalculateField" Date="20160520" Time="123627" Name="" export="">CalculateField Merged_Munis COUNTY "Sussex" VB #</Process></lineage></DataProperties><SyncDate>20160520</SyncDate><SyncTime>13253300</SyncTime><ModDate>20160520</ModDate><ModTime>13260400</ModTime><scaleRange><minScale>150000000</minScale><maxScale>5000</maxScale></scaleRange><ArcGISProfile>ItemDescription</ArcGISProfile></Esri><dataIdInfo><envirDesc Sync="TRUE">Microsoft Windows 7 Version 6.1 (Build 7601) Service Pack 1; Esri ArcGIS 10.3.1.4959</envirDesc><dataLang><languageCode value="eng" Sync="TRUE"/><countryCode value="USA" Sync="TRUE"/></dataLang><idCitation><resTitle Sync="TRUE">DRWI_Municipalities</resTitle><presForm><PresFormCd value="005" Sync="TRUE"/></presForm></idCitation><spatRpType><SpatRepTypCd value="001" Sync="TRUE"/></spatRpType><dataExt><geoEle xmlns=""><GeoBndBox esriExtentType="search"><exTypeCode Sync="TRUE">1</exTypeCode><westBL Sync="TRUE">-76.493768</westBL><eastBL Sync="TRUE">-74.087358</eastBL><northBL Sync="TRUE">42.548578</northBL><southBL Sync="TRUE">38.666478</southBL></GeoBndBox></geoEle></dataExt><idPurp>Municipalities that intersect the Delaware River Watershed.</idPurp><searchKeys><keyword>municipalities</keyword><keyword>Delaware River Basin</keyword></searchKeys></dataIdInfo><mdLang><languageCode value="eng" Sync="TRUE"/><countryCode value="USA" Sync="TRUE"/></mdLang><distInfo><distFormat><formatName Sync="TRUE">Shapefile</formatName></distFormat><distTranOps><transSize Sync="TRUE">5.864</transSize></distTranOps></distInfo><mdHrLv><ScopeCd value="005" Sync="TRUE"/></mdHrLv><mdHrLvName Sync="TRUE">dataset</mdHrLvName><refSysInfo><RefSystem><refSysID><identCode code="4269" Sync="TRUE"/><idCodeSpace Sync="TRUE">EPSG</idCodeSpace><idVersion Sync="TRUE">8.6.2</idVersion></refSysID></RefSystem></refSysInfo><spatRepInfo><VectSpatRep><geometObjs Name="DRWI_Municipalities"><geoObjTyp><GeoObjTypCd value="002" Sync="TRUE"/></geoObjTyp><geoObjCnt Sync="TRUE">824</geoObjCnt></geometObjs><topLvl><TopoLevCd value="001" Sync="TRUE"/></topLvl></VectSpatRep></spatRepInfo><spdoinfo><ptvctinf><esriterm Name="DRWI_Municipalities"><efeatyp Sync="TRUE">Simple</efeatyp><efeageom code="4" Sync="TRUE"/><esritopo Sync="TRUE">FALSE</esritopo><efeacnt Sync="TRUE">824</efeacnt><spindex Sync="TRUE">TRUE</spindex><linrefer Sync="TRUE">FALSE</linrefer></esriterm></ptvctinf></spdoinfo><eainfo><detailed Name="DRWI_Municipalities"><enttyp><enttypl Sync="TRUE">DRWI_Municipalities</enttypl><enttypt Sync="TRUE">Feature Class</enttypt><enttypc Sync="TRUE">824</enttypc></enttyp><attr><attrlabl Sync="TRUE">FID</attrlabl><attalias Sync="TRUE">FID</attalias><attrtype Sync="TRUE">OID</attrtype><attwidth Sync="TRUE">4</attwidth><atprecis Sync="TRUE">0</atprecis><attscale Sync="TRUE">0</attscale><attrdef Sync="TRUE">Internal feature number.</attrdef><attrdefs Sync="TRUE">Esri</attrdefs><attrdomv><udom Sync="TRUE">Sequential unique whole numbers that are automatically generated.</udom></attrdomv></attr><attr><attrlabl Sync="TRUE">NAME</attrlabl><attalias Sync="TRUE">NAME</attalias><attrtype Sync="TRUE">String</attrtype><attwidth Sync="TRUE">80</attwidth><atprecis Sync="TRUE">0</atprecis><attscale Sync="TRUE">0</attscale></attr><attr><attrlabl Sync="TRUE">ACRES</attrlabl><attalias Sync="TRUE">ACRES</attalias><attrtype Sync="TRUE">Double</attrtype><attwidth Sync="TRUE">19</attwidth><atprecis Sync="TRUE">18</atprecis><attscale Sync="TRUE">15</attscale></attr><attr><attrlabl Sync="TRUE">Shape</attrlabl><attalias Sync="TRUE">Shape</attalias><attrtype Sync="TRUE">Geometry</attrtype><attwidth Sync="TRUE">0</attwidth><atprecis Sync="TRUE">0</atprecis><attscale Sync="TRUE">0</attscale><attrdef Sync="TRUE">Feature geometry.</attrdef><attrdefs Sync="TRUE">Esri</attrdefs><attrdomv><udom Sync="TRUE">Coordinates defining the features.</udom></attrdomv></attr><attr><attrlabl Sync="TRUE">COUNTY</attrlabl><attalias Sync="TRUE">COUNTY</attalias><attrtype Sync="TRUE">String</attrtype><attwidth Sync="TRUE">50</attwidth><atprecis Sync="TRUE">0</atprecis><attscale Sync="TRUE">0</attscale></attr><attr><attrlabl Sync="TRUE">STATE</attrlabl><attalias Sync="TRUE">STATE</attalias><attrtype Sync="TRUE">String</attrtype><attwidth Sync="TRUE">5</attwidth><atprecis Sync="TRUE">0</atprecis><attscale Sync="TRUE">0</attscale></attr></detailed></eainfo><mdDateSt Sync="TRUE">20160520</mdDateSt><mdChar><CharSetCd value="004" Sync="TRUE"/></mdChar></metadata>
