<metadata xml:lang="en"><Esri><CreaDate>20190819</CreaDate><CreaTime>08225300</CreaTime><ArcGISFormat>1.0</ArcGISFormat><SyncOnce>FALSE</SyncOnce><DataProperties><lineage><Process ToolSource="c:\arcgis\desktop10.6\ArcToolbox\Toolboxes\Data Management Tools.tbx\RegisterWithGeodatabase" Date="20190819" Time="082253">RegisterWithGeodatabase "Database Connections\\GISPRD_GISDATA.sde\BOUNDARY_MUNICIPALITY" OBJECTID GEOMETRY POLYGON "PROJCS['WGS_1984_Web_Mercator_Auxiliary_Sphere',GEOGCS['GCS_WGS_1984',DATUM['D_WGS_1984',SPHEROID['WGS_1984',6378137.0,298.257223563]],PRIMEM['Greenwich',0.0],UNIT['Degree',0.0174532925199433]],PROJECTION['Mercator_Auxiliary_Sphere'],PARAMETER['False_Easting',0.0],PARAMETER['False_Northing',0.0],PARAMETER['Central_Meridian',0.0],PARAMETER['Standard_Parallel_1',0.0],PARAMETER['Auxiliary_Sphere_Type',0.0],UNIT['Meter',1.0]];-20037700 -30241100 10000;-100000 10000;-100000 10000;0.001;0.001;0.001;IsHighPrecision" "-8964000 4825000 -8314000 5202000"</Process><Process ToolSource="c:\program files\arcgis\pro\Resources\ArcToolbox\toolboxes\Conversion Tools.tbx\ExportFeatures" Date="20250103" Time="131305">ExportFeatures GISDATA.BOUNDARY_MUNICIPALITY U:\gisprodnt\data\PASDA_DATA\Active\PASDA_JANUARY_2025.gdb\Pa_Municipalities # NOT_USE_ALIAS "MSLINK "MSLINK" true true false 4 Long 0 10,First,#,GISDATA.BOUNDARY_MUNICIPALITY,MSLINK,-1,-1;COUNTY "COUNTY" true true false 2 Text 0 0,First,#,GISDATA.BOUNDARY_MUNICIPALITY,COUNTY,0,2;MUNICIPAL_CODE "MUNICIPAL_CODE" true true false 5 Text 0 0,First,#,GISDATA.BOUNDARY_MUNICIPALITY,MUNICIPAL_CODE,0,5;MUNICIPAL_NAME "MUNICIPAL_NAME" true true false 20 Text 0 0,First,#,GISDATA.BOUNDARY_MUNICIPALITY,MUNICIPAL_NAME,0,20;FIPS_MUN_CODE "FIPS_MUN_CODE" true true false 5 Text 0 0,First,#,GISDATA.BOUNDARY_MUNICIPALITY,FIPS_MUN_CODE,0,5;FED_AID_URB_AREA "FED_AID_URB_AREA" true true false 1 Text 0 0,First,#,GISDATA.BOUNDARY_MUNICIPALITY,FED_AID_URB_AREA,0,1;FIPS_COUNTY_CODE "FIPS_COUNTY_CODE" true true false 3 Text 0 0,First,#,GISDATA.BOUNDARY_MUNICIPALITY,FIPS_COUNTY_CODE,0,3;FIPS_AREA_CODE "FIPS_AREA_CODE" true true false 5 Text 0 0,First,#,GISDATA.BOUNDARY_MUNICIPALITY,FIPS_AREA_CODE,0,5;FIPS_AREA_NAME "FIPS_AREA_NAME" true true false 16 Text 0 0,First,#,GISDATA.BOUNDARY_MUNICIPALITY,FIPS_AREA_NAME,0,16;FIPS_SQ_MI "FIPS_SQ_MI" true true false 8 Double 0 38,First,#,GISDATA.BOUNDARY_MUNICIPALITY,FIPS_SQ_MI,-1,-1;FED_ID_NUM "FED_ID_NUM" true true false 10 Text 0 0,First,#,GISDATA.BOUNDARY_MUNICIPALITY,FED_ID_NUM,0,10;CLASS_OF_MUNIC "CLASS_OF_MUNIC" true true false 4 Text 0 0,First,#,GISDATA.BOUNDARY_MUNICIPALITY,CLASS_OF_MUNIC,0,4;ANSI_CODE "ANSI_CODE" true true false 8 Text 0 0,First,#,GISDATA.BOUNDARY_MUNICIPALITY,ANSI_CODE,0,8;COUNTY_NAME "COUNTY_NAME" true true false 14 Text 0 0,First,#,GISDATA.BOUNDARY_MUNICIPALITY,COUNTY_NAME,0,14;DCED_ID "DCED_ID" true true false 6 Text 0 0,First,#,GISDATA.BOUNDARY_MUNICIPALITY,DCED_ID,0,6;DISTRICT_NO "DISTRICT_NO" true true false 2 Text 0 0,First,#,GISDATA.BOUNDARY_MUNICIPALITY,DISTRICT_NO,0,2;GEOID "GEOID" true true false 10 Text 0 0,First,#,GISDATA.BOUNDARY_MUNICIPALITY,GEOID,0,10;FIPS_STATE "FIPS_STATE" true true false 2 Text 0 0,First,#,GISDATA.BOUNDARY_MUNICIPALITY,FIPS_STATE,0,2;GNIS_PPL "GNIS_PPL" true true false 8 Double 10 38,First,#,GISDATA.BOUNDARY_MUNICIPALITY,GNIS_PPL,-1,-1;PLANNING_PARTNER "PLANNING_PARTNER" true true false 20 Text 0 0,First,#,GISDATA.BOUNDARY_MUNICIPALITY,PLANNING_PARTNER,0,20;CTY_MUN_CODE "CTY_MUN_CODE" true true false 5 Text 0 0,First,#,GISDATA.BOUNDARY_MUNICIPALITY,CTY_MUN_CODE,0,5;FIPS_MUN_POP_2010 "FIPS_MUN_POP_2010" true true false 4 Long 0 10,First,#,GISDATA.BOUNDARY_MUNICIPALITY,FIPS_MUN_POP_2010,-1,-1;FIPS_MUN_POP_2020 "FIPS_MUN_POP_2020" true true false 4 Long 0 10,First,#,GISDATA.BOUNDARY_MUNICIPALITY,FIPS_MUN_POP_2020,-1,-1;PSD_CODE "PSD_CODE" true true false 6 Text 0 0,First,#,GISDATA.BOUNDARY_MUNICIPALITY,PSD_CODE,0,6;PSD_CODE_2 "PSD_CODE_2" true true false 6 Text 0 0,First,#,GISDATA.BOUNDARY_MUNICIPALITY,PSD_CODE_2,0,6;PSD_CODE_3 "PSD_CODE_3" true true false 6 Text 0 0,First,#,GISDATA.BOUNDARY_MUNICIPALITY,PSD_CODE_3,0,6;GIS_UPDATE_DATE "GIS_UPDATE_DATE" true true false 8 Date 0 0,First,#,GISDATA.BOUNDARY_MUNICIPALITY,GIS_UPDATE_DATE,-1,-1;GIS_GEOMETRY_UPDATE_DATE "GIS_GEOMETRY_UPDATE_DATE" true true false 8 Date 0 0,First,#,GISDATA.BOUNDARY_MUNICIPALITY,GIS_GEOMETRY_UPDATE_DATE,-1,-1;SE_ANNO_CAD_DATA "SE_ANNO_CAD_DATA" true true false 0 Blob 0 0,First,#,GISDATA.BOUNDARY_MUNICIPALITY,SE_ANNO_CAD_DATA,-1,-1;GPID "GPID" true true false 4 Long 0 10,First,#,GISDATA.BOUNDARY_MUNICIPALITY,GPID,-1,-1;AREA "AREA" false true true 0 Double 0 0,First,#,GISDATA.BOUNDARY_MUNICIPALITY,GEOMETRY.AREA,-1,-1;LEN "LEN" false true true 0 Double 0 0,First,#,GISDATA.BOUNDARY_MUNICIPALITY,GEOMETRY.LEN,-1,-1" #</Process><Process ToolSource="c:\users\jfs126\appdata\local\programs\arcgis\pro\Resources\ArcToolbox\toolboxes\Data Management Tools.tbx\CopyFeatures" Date="20250121" Time="115641">CopyFeatures Pa_Municipalities \\psieefiler.ems.psu.edu\psieecifsvol1\Allegheny_DEP\202501\PennDOT\Pa_Municipalities.shp # # # #</Process><Process ToolSource="c:\users\jfs126\appdata\local\programs\arcgis\pro\Resources\ArcToolbox\toolboxes\Data Management Tools.tbx\Rename" Date="20250121" Time="122843">Rename \\psieefiler.ems.psu.edu\psieecifsvol1\Allegheny_DEP\202501\PennDOT\Pa_Municipalities.shp \\psieefiler.ems.psu.edu\psieecifsvol1\Allegheny_DEP\202501\PennDOT\PaMunicipalities2025_01.shp ShapeFile</Process></lineage><itemProps><itemName Sync="TRUE">Pa_Municipalities</itemName><imsContentType Sync="TRUE">002</imsContentType><itemLocation><linkage Sync="TRUE">file://\\psieefiler.ems.psu.edu\psieecifsvol1\Allegheny_DEP\202501\PennDOT\Pa_Municipalities.shp</linkage><protocol Sync="TRUE">Local Area Network</protocol></itemLocation><itemSize Sync="TRUE">0.000</itemSize></itemProps><coordRef><type Sync="TRUE">Projected</type><geogcsn Sync="TRUE">GCS_WGS_1984</geogcsn><csUnits Sync="TRUE">Linear Unit: Meter (1.000000)</csUnits><projcsn Sync="TRUE">WGS_1984_Web_Mercator_Auxiliary_Sphere</projcsn><peXml Sync="TRUE">&lt;ProjectedCoordinateSystem xsi:type='typens:ProjectedCoordinateSystem' xmlns:xsi='http://www.w3.org/2001/XMLSchema-instance' xmlns:xs='http://www.w3.org/2001/XMLSchema' xmlns:typens='http://www.esri.com/schemas/ArcGIS/3.3.0'&gt;&lt;WKT&gt;PROJCS[&amp;quot;WGS_1984_Web_Mercator_Auxiliary_Sphere&amp;quot;,GEOGCS[&amp;quot;GCS_WGS_1984&amp;quot;,DATUM[&amp;quot;D_WGS_1984&amp;quot;,SPHEROID[&amp;quot;WGS_1984&amp;quot;,6378137.0,298.257223563]],PRIMEM[&amp;quot;Greenwich&amp;quot;,0.0],UNIT[&amp;quot;Degree&amp;quot;,0.0174532925199433]],PROJECTION[&amp;quot;Mercator_Auxiliary_Sphere&amp;quot;],PARAMETER[&amp;quot;False_Easting&amp;quot;,0.0],PARAMETER[&amp;quot;False_Northing&amp;quot;,0.0],PARAMETER[&amp;quot;Central_Meridian&amp;quot;,0.0],PARAMETER[&amp;quot;Standard_Parallel_1&amp;quot;,0.0],PARAMETER[&amp;quot;Auxiliary_Sphere_Type&amp;quot;,0.0],UNIT[&amp;quot;Meter&amp;quot;,1.0],AUTHORITY[&amp;quot;EPSG&amp;quot;,3857]]&lt;/WKT&gt;&lt;XOrigin&gt;-20037700&lt;/XOrigin&gt;&lt;YOrigin&gt;-30241100&lt;/YOrigin&gt;&lt;XYScale&gt;148923141.92838538&lt;/XYScale&gt;&lt;ZOrigin&gt;-100000&lt;/ZOrigin&gt;&lt;ZScale&gt;10000&lt;/ZScale&gt;&lt;MOrigin&gt;-100000&lt;/MOrigin&gt;&lt;MScale&gt;10000&lt;/MScale&gt;&lt;XYTolerance&gt;0.001&lt;/XYTolerance&gt;&lt;ZTolerance&gt;0.001&lt;/ZTolerance&gt;&lt;MTolerance&gt;0.001&lt;/MTolerance&gt;&lt;HighPrecision&gt;true&lt;/HighPrecision&gt;&lt;WKID&gt;102100&lt;/WKID&gt;&lt;LatestWKID&gt;3857&lt;/LatestWKID&gt;&lt;/ProjectedCoordinateSystem&gt;</peXml></coordRef></DataProperties><SyncDate>20250121</SyncDate><SyncTime>11564100</SyncTime><ModDate>20250121</ModDate><ModTime>11564100</ModTime></Esri><dataIdInfo><envirDesc Sync="TRUE">Microsoft Windows Server 2016 Technical Preview Version 10.0 (Build 17763) ; Esri ArcGIS 13.3.0.52636</envirDesc><dataLang><languageCode value="eng" Sync="TRUE"></languageCode><countryCode value="USA" Sync="TRUE"></countryCode></dataLang><idCitation><resTitle Sync="TRUE">Pa_Municipalities</resTitle><presForm><PresFormCd value="005" Sync="TRUE"></PresFormCd></presForm></idCitation><spatRpType><SpatRepTypCd value="001" Sync="TRUE"></SpatRepTypCd></spatRpType></dataIdInfo><mdLang><languageCode value="eng" Sync="TRUE"></languageCode><countryCode value="USA" Sync="TRUE"></countryCode></mdLang><distInfo><distFormat><formatName Sync="TRUE">Shapefile</formatName></distFormat><distTranOps><transSize Sync="TRUE">0.000</transSize></distTranOps></distInfo><mdHrLv><ScopeCd value="005" Sync="TRUE"></ScopeCd></mdHrLv><mdHrLvName Sync="TRUE">dataset</mdHrLvName><refSysInfo><RefSystem><refSysID><identCode code="3857" Sync="TRUE"></identCode><idCodeSpace Sync="TRUE">EPSG</idCodeSpace><idVersion Sync="TRUE">6.18.3(9.3.1.2)</idVersion></refSysID></RefSystem></refSysInfo><spatRepInfo><VectSpatRep><geometObjs Name="Pa_Municipalities"><geoObjTyp><GeoObjTypCd value="002" Sync="TRUE"></GeoObjTypCd></geoObjTyp><geoObjCnt Sync="TRUE">0</geoObjCnt></geometObjs><topLvl><TopoLevCd value="001" Sync="TRUE"></TopoLevCd></topLvl></VectSpatRep></spatRepInfo><spdoinfo><ptvctinf><esriterm Name="Pa_Municipalities"><efeatyp Sync="TRUE">Simple</efeatyp><efeageom code="4" Sync="TRUE"></efeageom><esritopo Sync="TRUE">FALSE</esritopo><efeacnt Sync="TRUE">0</efeacnt><spindex Sync="TRUE">FALSE</spindex><linrefer Sync="TRUE">FALSE</linrefer></esriterm></ptvctinf></spdoinfo><eainfo><detailed Name="Pa_Municipalities"><enttyp><enttypl Sync="TRUE">Pa_Municipalities</enttypl><enttypt Sync="TRUE">Feature Class</enttypt><enttypc Sync="TRUE">0</enttypc></enttyp><attr><attrlabl Sync="TRUE">FID</attrlabl><attalias Sync="TRUE">FID</attalias><attrtype Sync="TRUE">OID</attrtype><attwidth Sync="TRUE">4</attwidth><atprecis Sync="TRUE">0</atprecis><attscale Sync="TRUE">0</attscale><attrdef Sync="TRUE">Internal feature number.</attrdef><attrdefs Sync="TRUE">Esri</attrdefs><attrdomv><udom Sync="TRUE">Sequential unique whole numbers that are automatically generated.</udom></attrdomv></attr><attr><attrlabl Sync="TRUE">Shape</attrlabl><attalias Sync="TRUE">Shape</attalias><attrtype Sync="TRUE">Geometry</attrtype><attwidth Sync="TRUE">0</attwidth><atprecis Sync="TRUE">0</atprecis><attscale Sync="TRUE">0</attscale><attrdef Sync="TRUE">Feature geometry.</attrdef><attrdefs Sync="TRUE">Esri</attrdefs><attrdomv><udom Sync="TRUE">Coordinates defining the features.</udom></attrdomv></attr><attr><attrlabl Sync="TRUE">MSLINK</attrlabl><attalias Sync="TRUE">MSLINK</attalias><attrtype Sync="TRUE">Integer</attrtype><attwidth Sync="TRUE">10</attwidth><atprecis Sync="TRUE">10</atprecis><attscale Sync="TRUE">0</attscale></attr><attr><attrlabl Sync="TRUE">COUNTY</attrlabl><attalias Sync="TRUE">COUNTY</attalias><attrtype Sync="TRUE">String</attrtype><attwidth Sync="TRUE">2</attwidth><atprecis Sync="TRUE">0</atprecis><attscale Sync="TRUE">0</attscale></attr><attr><attrlabl Sync="TRUE">MUNICIPAL_</attrlabl><attalias Sync="TRUE">MUNICIPAL_</attalias><attrtype Sync="TRUE">String</attrtype><attwidth Sync="TRUE">5</attwidth><atprecis Sync="TRUE">0</atprecis><attscale Sync="TRUE">0</attscale></attr><attr><attrlabl Sync="TRUE">MUNICIPAL1</attrlabl><attalias Sync="TRUE">MUNICIPAL1</attalias><attrtype Sync="TRUE">String</attrtype><attwidth Sync="TRUE">20</attwidth><atprecis Sync="TRUE">0</atprecis><attscale Sync="TRUE">0</attscale></attr><attr><attrlabl Sync="TRUE">FIPS_MUN_C</attrlabl><attalias Sync="TRUE">FIPS_MUN_C</attalias><attrtype Sync="TRUE">String</attrtype><attwidth Sync="TRUE">5</attwidth><atprecis Sync="TRUE">0</atprecis><attscale Sync="TRUE">0</attscale></attr><attr><attrlabl Sync="TRUE">FED_AID_UR</attrlabl><attalias Sync="TRUE">FED_AID_UR</attalias><attrtype Sync="TRUE">String</attrtype><attwidth Sync="TRUE">1</attwidth><atprecis Sync="TRUE">0</atprecis><attscale Sync="TRUE">0</attscale></attr><attr><attrlabl Sync="TRUE">FIPS_COUNT</attrlabl><attalias Sync="TRUE">FIPS_COUNT</attalias><attrtype Sync="TRUE">String</attrtype><attwidth Sync="TRUE">3</attwidth><atprecis Sync="TRUE">0</atprecis><attscale Sync="TRUE">0</attscale></attr><attr><attrlabl Sync="TRUE">FIPS_AREA_</attrlabl><attalias Sync="TRUE">FIPS_AREA_</attalias><attrtype Sync="TRUE">String</attrtype><attwidth Sync="TRUE">5</attwidth><atprecis Sync="TRUE">0</atprecis><attscale Sync="TRUE">0</attscale></attr><attr><attrlabl Sync="TRUE">FIPS_AREA1</attrlabl><attalias Sync="TRUE">FIPS_AREA1</attalias><attrtype Sync="TRUE">String</attrtype><attwidth Sync="TRUE">16</attwidth><atprecis Sync="TRUE">0</atprecis><attscale Sync="TRUE">0</attscale></attr><attr><attrlabl Sync="TRUE">FIPS_SQ_MI</attrlabl><attalias Sync="TRUE">FIPS_SQ_MI</attalias><attrtype Sync="TRUE">Double</attrtype><attwidth Sync="TRUE">19</attwidth><atprecis Sync="TRUE">0</atprecis><attscale Sync="TRUE">0</attscale></attr><attr><attrlabl Sync="TRUE">FED_ID_NUM</attrlabl><attalias Sync="TRUE">FED_ID_NUM</attalias><attrtype Sync="TRUE">String</attrtype><attwidth Sync="TRUE">10</attwidth><atprecis Sync="TRUE">0</atprecis><attscale Sync="TRUE">0</attscale></attr><attr><attrlabl Sync="TRUE">CLASS_OF_M</attrlabl><attalias Sync="TRUE">CLASS_OF_M</attalias><attrtype Sync="TRUE">String</attrtype><attwidth Sync="TRUE">4</attwidth><atprecis Sync="TRUE">0</atprecis><attscale Sync="TRUE">0</attscale></attr><attr><attrlabl Sync="TRUE">ANSI_CODE</attrlabl><attalias Sync="TRUE">ANSI_CODE</attalias><attrtype Sync="TRUE">String</attrtype><attwidth Sync="TRUE">8</attwidth><atprecis Sync="TRUE">0</atprecis><attscale Sync="TRUE">0</attscale></attr><attr><attrlabl Sync="TRUE">COUNTY_NAM</attrlabl><attalias Sync="TRUE">COUNTY_NAM</attalias><attrtype Sync="TRUE">String</attrtype><attwidth Sync="TRUE">14</attwidth><atprecis Sync="TRUE">0</atprecis><attscale Sync="TRUE">0</attscale></attr><attr><attrlabl Sync="TRUE">DCED_ID</attrlabl><attalias Sync="TRUE">DCED_ID</attalias><attrtype Sync="TRUE">String</attrtype><attwidth Sync="TRUE">6</attwidth><atprecis Sync="TRUE">0</atprecis><attscale Sync="TRUE">0</attscale></attr><attr><attrlabl Sync="TRUE">DISTRICT_N</attrlabl><attalias Sync="TRUE">DISTRICT_N</attalias><attrtype Sync="TRUE">String</attrtype><attwidth Sync="TRUE">2</attwidth><atprecis Sync="TRUE">0</atprecis><attscale Sync="TRUE">0</attscale></attr><attr><attrlabl Sync="TRUE">GEOID</attrlabl><attalias Sync="TRUE">GEOID</attalias><attrtype Sync="TRUE">String</attrtype><attwidth Sync="TRUE">10</attwidth><atprecis Sync="TRUE">0</atprecis><attscale Sync="TRUE">0</attscale></attr><attr><attrlabl Sync="TRUE">FIPS_STATE</attrlabl><attalias Sync="TRUE">FIPS_STATE</attalias><attrtype Sync="TRUE">String</attrtype><attwidth Sync="TRUE">2</attwidth><atprecis Sync="TRUE">0</atprecis><attscale Sync="TRUE">0</attscale></attr><attr><attrlabl Sync="TRUE">GNIS_PPL</attrlabl><attalias Sync="TRUE">GNIS_PPL</attalias><attrtype Sync="TRUE">Double</attrtype><attwidth Sync="TRUE">19</attwidth><atprecis Sync="TRUE">0</atprecis><attscale Sync="TRUE">0</attscale></attr><attr><attrlabl Sync="TRUE">PLANNING_P</attrlabl><attalias Sync="TRUE">PLANNING_P</attalias><attrtype Sync="TRUE">String</attrtype><attwidth Sync="TRUE">20</attwidth><atprecis Sync="TRUE">0</atprecis><attscale Sync="TRUE">0</attscale></attr><attr><attrlabl Sync="TRUE">CTY_MUN_CO</attrlabl><attalias Sync="TRUE">CTY_MUN_CO</attalias><attrtype Sync="TRUE">String</attrtype><attwidth Sync="TRUE">5</attwidth><atprecis Sync="TRUE">0</atprecis><attscale Sync="TRUE">0</attscale></attr><attr><attrlabl Sync="TRUE">FIPS_MUN_P</attrlabl><attalias Sync="TRUE">FIPS_MUN_P</attalias><attrtype Sync="TRUE">Integer</attrtype><attwidth Sync="TRUE">10</attwidth><atprecis Sync="TRUE">10</atprecis><attscale Sync="TRUE">0</attscale></attr><attr><attrlabl Sync="TRUE">FIPS_MUN_1</attrlabl><attalias Sync="TRUE">FIPS_MUN_1</attalias><attrtype Sync="TRUE">Integer</attrtype><attwidth Sync="TRUE">10</attwidth><atprecis Sync="TRUE">10</atprecis><attscale Sync="TRUE">0</attscale></attr><attr><attrlabl Sync="TRUE">PSD_CODE</attrlabl><attalias Sync="TRUE">PSD_CODE</attalias><attrtype Sync="TRUE">String</attrtype><attwidth Sync="TRUE">6</attwidth><atprecis Sync="TRUE">0</atprecis><attscale Sync="TRUE">0</attscale></attr><attr><attrlabl Sync="TRUE">PSD_CODE_2</attrlabl><attalias Sync="TRUE">PSD_CODE_2</attalias><attrtype Sync="TRUE">String</attrtype><attwidth Sync="TRUE">6</attwidth><atprecis Sync="TRUE">0</atprecis><attscale Sync="TRUE">0</attscale></attr><attr><attrlabl Sync="TRUE">PSD_CODE_3</attrlabl><attalias Sync="TRUE">PSD_CODE_3</attalias><attrtype Sync="TRUE">String</attrtype><attwidth Sync="TRUE">6</attwidth><atprecis Sync="TRUE">0</atprecis><attscale Sync="TRUE">0</attscale></attr><attr><attrlabl Sync="TRUE">GIS_UPDATE</attrlabl><attalias Sync="TRUE">GIS_UPDATE</attalias><attrtype Sync="TRUE">Date</attrtype><attwidth Sync="TRUE">8</attwidth><atprecis Sync="TRUE">0</atprecis><attscale Sync="TRUE">0</attscale></attr><attr><attrlabl Sync="TRUE">GIS_GEOMET</attrlabl><attalias Sync="TRUE">GIS_GEOMET</attalias><attrtype Sync="TRUE">Date</attrtype><attwidth Sync="TRUE">8</attwidth><atprecis Sync="TRUE">0</atprecis><attscale Sync="TRUE">0</attscale></attr><attr><attrlabl Sync="TRUE">GPID</attrlabl><attalias Sync="TRUE">GPID</attalias><attrtype Sync="TRUE">Integer</attrtype><attwidth Sync="TRUE">10</attwidth><atprecis Sync="TRUE">10</atprecis><attscale Sync="TRUE">0</attscale></attr><attr><attrlabl Sync="TRUE">AREA</attrlabl><attalias Sync="TRUE">AREA</attalias><attrtype Sync="TRUE">Double</attrtype><attwidth Sync="TRUE">19</attwidth><atprecis Sync="TRUE">0</atprecis><attscale Sync="TRUE">0</attscale></attr><attr><attrlabl Sync="TRUE">LEN</attrlabl><attalias Sync="TRUE">LEN</attalias><attrtype Sync="TRUE">Double</attrtype><attwidth Sync="TRUE">19</attwidth><atprecis Sync="TRUE">0</atprecis><attscale Sync="TRUE">0</attscale></attr><attr><attrlabl Sync="TRUE">Shape_Leng</attrlabl><attalias Sync="TRUE">Shape_Leng</attalias><attrtype Sync="TRUE">Double</attrtype><attwidth Sync="TRUE">19</attwidth><atprecis Sync="TRUE">0</atprecis><attscale Sync="TRUE">0</attscale></attr><attr><attrlabl Sync="TRUE">Shape_Area</attrlabl><attalias Sync="TRUE">Shape_Area</attalias><attrtype Sync="TRUE">Double</attrtype><attwidth Sync="TRUE">19</attwidth><atprecis Sync="TRUE">0</atprecis><attscale Sync="TRUE">0</attscale><attrdef Sync="TRUE">Area of feature in internal units squared.</attrdef><attrdefs Sync="TRUE">Esri</attrdefs><attrdomv><udom Sync="TRUE">Positive real numbers that are automatically generated.</udom></attrdomv></attr></detailed></eainfo><mdDateSt Sync="TRUE">20250121</mdDateSt></metadata>
