<metadata>
  <idinfo>
    <citation>
      <citeinfo>
        <title>Neighborhoods</title>
        <geoform>vector digital data</geoform>
      </citeinfo>
    </citation>
    <descript>
      <abstract>Abstract:This data layer of Philadelphia neighborhoods was created and devised by the Community Planning Division of Philadelphia City Planning Commission.These are general boundaries that historically have been in place around the city. They fall along the lines of development patterns, historic references and known names. They do not follow RCO boundaries and often do not align with community groups. They should not be interpreted as "official" boundaries in any way. Data Development: N/AKey attribute field names and descriptions:N/ACoordinate system:Projection: Lambert Conformal ConicXY Coordinate System: NAD 1983 State Plane Pennsylvania South FIPS 3702 (US Feet)Datum: NAD 1983Units of Measurement: Foot_USThematic mapping:N/AOther information:N/A</abstract>
      <purpose> To display the geographic extent commonly ascribed to a given neighborhood 

- Features updated:  09/21/2012
- Attributes updated: 09/21/2012
- Metadata updated:  03/16/2015
- Update Frequency: As needed
- Public = Y</purpose>
    </descript>
    <spdom>
      <bounding>
        <westbc>-75.279212</westbc>
        <eastbc>-74.954039</eastbc>
        <northbc>40.143699</northbc>
        <southbc>39.872346</southbc>
      </bounding>
    </spdom>
    <keywords />
    <accconst>None</accconst>
    <useconst>&lt;DIV STYLE="text-align:Left;"&gt;&lt;DIV&gt;&lt;DIV&gt;&lt;P STYLE="margin:0 0 0 0;"&gt;&lt;SPAN&gt;The City of Philadelphia reserves all rights in the GIS database and any data contained therein, and the end user’s use of the data does not constitute a transfer of, nor does the end user receive, any title or interest in the database or any other City data. The City of Philadelphia makes no representation about the accuracy of any specific information in this GIS data and is provided “as is” and without Warranty of any kind. The user of this data will assume complete responsibility for any and all occurrences resulting from its use or display and will hold the City of Philadelphia harmless from any and all claims, demands, liabilities, obligations, damages, suits, judgments or settlements, including reasonable costs and attorneys' fees, that arise from use of this data.&lt;/SPAN&gt;&lt;/P&gt;&lt;P /&gt;&lt;/DIV&gt;&lt;/DIV&gt;&lt;/DIV&gt;</useconst>
    <datacred>Philadelphia City Planning Commission's Community Planning Division
Uploaded by Pauline Loughlin
Philadelphia City Planning Commission
1515 Arch Street, 13 Fl, Philadelphia, PA  19102
pauline.loughlin@phila.gov, (215) 683 - 4662
GIS Manager: Darshna Patel
darshna.patel@phila.gov, (215) 683-4611
</datacred>
    <native>Microsoft Windows Server 2008 R2 Version 6.1 (Build 7601) Service Pack 1; ESRI ArcGIS 10.0.0.2414</native>
  </idinfo>
  <spdoinfo>
    <direct>Vector</direct>
    <ptvctinf>
      <sdtsterm>
        <sdtstype>GT-polygon composed of chains</sdtstype>
        <ptvctcnt>148</ptvctcnt>
      </sdtsterm>
    </ptvctinf>
  </spdoinfo>
  <spref>
    <horizsys>
      <planar>
        <mapproj>
          <mapprojn>NAD 1983 StatePlane Pennsylvania South FIPS 3702 Feet</mapprojn>
          <lambertc>
            <stdparll>39.93333333333333</stdparll>
            <stdparll>40.96666666666667</stdparll>
            <longcm>-77.75</longcm>
            <latprjo>39.33333333333334</latprjo>
            <feast>1968500.0</feast>
            <fnorth>0.0</fnorth>
          </lambertc>
        </mapproj>
        <planci>
          <plance>coordinate pair</plance>
          <coordrep>
            <absres>0.0003280833333333335</absres>
            <ordres>0.0003280833333333335</ordres>
          </coordrep>
          <plandu>Foot_US</plandu>
        </planci>
      </planar>
      <geodetic>
        <horizdn>D North American 1983</horizdn>
        <ellips>GRS 1980</ellips>
        <semiaxis>6378137.0</semiaxis>
        <denflat>298.257222101</denflat>
      </geodetic>
    </horizsys>
  </spref>
  <eainfo>
    <detailed>
      <enttyp>
        <enttypl>Neighborhoods</enttypl>
      </enttyp>
      <attr>
        <attrlabl>OBJECTID</attrlabl>
        <attrdef>Internal feature number.</attrdef>
        <attrdefs>ESRI</attrdefs>
        <attrdomv>
          <udom>Sequential unique whole numbers that are automatically generated.</udom>
        </attrdomv>
      </attr>
      <attr>
        <attrlabl>Shape</attrlabl>
        <attrdef>Feature geometry.</attrdef>
        <attrdefs>ESRI</attrdefs>
        <attrdomv>
          <udom>Coordinates defining the features.</udom>
        </attrdomv>
      </attr>
      <attr>
        <attrlabl>GIS_PLANNING_Neighborhoods_AREA</attrlabl>
      </attr>
      <attr>
        <attrlabl>PERIMETER</attrlabl>
      </attr>
      <attr>
        <attrlabl>NGHBRHD08_</attrlabl>
      </attr>
      <attr>
        <attrlabl>NGHBRHD081</attrlabl>
      </attr>
      <attr>
        <attrlabl>PAS</attrlabl>
      </attr>
      <attr>
        <attrlabl>NAME</attrlabl>
      </attr>
      <attr>
        <attrlabl>SHAPE_Length</attrlabl>
        <attrdef>Length of feature in internal units.</attrdef>
        <attrdefs>Esri</attrdefs>
        <attrdomv>
          <udom>Positive real numbers that are automatically generated.</udom>
        </attrdomv>
      </attr>
      <attr>
        <attrlabl>SHAPE_Area</attrlabl>
        <attrdef>Area of feature in internal units squared.</attrdef>
        <attrdefs>Esri</attrdefs>
        <attrdomv>
          <udom>Positive real numbers that are automatically generated.</udom>
        </attrdomv>
      </attr>
    </detailed>
  </eainfo>
  <metainfo>
    <metd>20160524</metd>
    <metstdn>FGDC Content Standard for Digital Geospatial Metadata</metstdn>
    <metstdv>FGDC-STD-001-1998</metstdv>
  </metainfo><distinfo><distrib><cntinfo><cntperp><cntorg>Pennsylvania Spatial Data Access (PASDA) </cntorg></cntperp><cntaddr><addrtype>mailing and physical address</addrtype><address>115 Land and Water Building</address><city>University Park</city><state>Pennsylvania</state><postal>16802</postal><country>United States</country></cntaddr><cntvoice>(814) 865 8792</cntvoice><cntemail>(814) 865 8792</cntemail></cntinfo></distrib><distliab>The USER shall indemnify, save harmless, and, if requested, defend those parties involved with the development and distribution of this data, their officers, agents, and employees from and against any suits, claims, or actions for injury, death, or property damage arising out of the use of or any defect in the FILES or any accompanying documentation. Those parties involved with the development and distribution excluded any and all implied warranties, including warranties or merchantability and fitness for a particular purpose and makes no warranty or representation, either express or implied, with respect to the FILES or accompanying documentation, including its quality, performance, merchantability, or fitness for a particular purpose. The FILES and documentation are provided "as is" and the USER assumes the entire risk as to its quality and performance. Those parties involved with the development and distribution of this data will not be liable for any direct, indirect, special, incidental, or consequential damages arising out of the use or inability to use the FILES or any accompanying documentation.</distliab></distinfo>
</metadata>